{
  "testId" : "1-unostestgenerisani.gspec",
  "name" : "unostestGenerisani.gspec",
  "report" : {
    "nodes" : [ {
      "name" : "Mutation test",
      "status" : "info",
      "nodes" : [ {
        "name" : "check  unostestGenerisani.gspec --url http://localhost/unos.html --size 1024x768 --offset 5 --htmlreport Unos1024GRep",
        "status" : "info",
        "nodes" : [ {
          "name" : "Check layout: unostestGenerisani.gspec included tags: ",
          "status" : "info",
          "time" : 1573673464707,
          "sections" : [ {
            "name" : "Skeleton",
            "place" : {
              "filePath" : "unostestGenerisani.gspec",
              "lineNumber" : 13
            },
            "objects" : [ {
              "name" : "html",
              "specs" : [ {
                "status" : "info",
                "place" : {
                  "filePath" : "unostestGenerisani.gspec",
                  "lineNumber" : 15
                },
                "name" : "inside screen 0px top left right, >= 0px bottom",
                "meta" : [ {
                  "from" : {
                    "object" : "html",
                    "edge" : "top"
                  },
                  "to" : {
                    "object" : "screen",
                    "edge" : "top"
                  },
                  "expectedDistance" : "0px",
                  "realDistance" : "0px"
                }, {
                  "from" : {
                    "object" : "html",
                    "edge" : "left"
                  },
                  "to" : {
                    "object" : "screen",
                    "edge" : "left"
                  },
                  "expectedDistance" : "0px",
                  "realDistance" : "0px"
                }, {
                  "from" : {
                    "object" : "html",
                    "edge" : "right"
                  },
                  "to" : {
                    "object" : "screen",
                    "edge" : "right"
                  },
                  "expectedDistance" : "0px",
                  "realDistance" : "0px"
                }, {
                  "from" : {
                    "object" : "html",
                    "edge" : "bottom"
                  },
                  "to" : {
                    "object" : "screen",
                    "edge" : "bottom"
                  },
                  "expectedDistance" : ">= 0px",
                  "realDistance" : "138px"
                } ],
                "highlight" : [ "html", "screen" ]
              }, {
                "status" : "info",
                "place" : {
                  "filePath" : "unostestGenerisani.gspec",
                  "lineNumber" : 21
                },
                "name" : "centered horizontally inside screen 1px",
                "highlight" : [ "html", "screen" ]
              } ]
            }, {
              "name" : "body",
              "specs" : [ {
                "status" : "info",
                "place" : {
                  "filePath" : "unostestGenerisani.gspec",
                  "lineNumber" : 18
                },
                "name" : "inside screen 30px top, 8px left right, >= 0px bottom",
                "meta" : [ {
                  "from" : {
                    "object" : "body",
                    "edge" : "top"
                  },
                  "to" : {
                    "object" : "screen",
                    "edge" : "top"
                  },
                  "expectedDistance" : "30px",
                  "realDistance" : "30px"
                }, {
                  "from" : {
                    "object" : "body",
                    "edge" : "left"
                  },
                  "to" : {
                    "object" : "screen",
                    "edge" : "left"
                  },
                  "expectedDistance" : "8px",
                  "realDistance" : "8px"
                }, {
                  "from" : {
                    "object" : "body",
                    "edge" : "right"
                  },
                  "to" : {
                    "object" : "screen",
                    "edge" : "right"
                  },
                  "expectedDistance" : "8px",
                  "realDistance" : "8px"
                }, {
                  "from" : {
                    "object" : "body",
                    "edge" : "bottom"
                  },
                  "to" : {
                    "object" : "screen",
                    "edge" : "bottom"
                  },
                  "expectedDistance" : ">= 0px",
                  "realDistance" : "108px"
                } ],
                "highlight" : [ "body", "screen" ]
              }, {
                "status" : "info",
                "place" : {
                  "filePath" : "unostestGenerisani.gspec",
                  "lineNumber" : 21
                },
                "name" : "centered horizontally inside screen 1px",
                "highlight" : [ "body", "screen" ]
              } ]
            }, {
              "name" : "sadrzaj",
              "specs" : [ {
                "status" : "info",
                "place" : {
                  "filePath" : "unostestGenerisani.gspec",
                  "lineNumber" : 21
                },
                "name" : "centered horizontally inside screen 1px",
                "highlight" : [ "sadrzaj", "screen" ]
              }, {
                "status" : "info",
                "place" : {
                  "filePath" : "unostestGenerisani.gspec",
                  "lineNumber" : 24
                },
                "name" : "inside screen 0px bottom, 8px left right, >= 0px top",
                "meta" : [ {
                  "from" : {
                    "object" : "sadrzaj",
                    "edge" : "bottom"
                  },
                  "to" : {
                    "object" : "screen",
                    "edge" : "bottom"
                  },
                  "expectedDistance" : "0px",
                  "realDistance" : "0px"
                }, {
                  "from" : {
                    "object" : "sadrzaj",
                    "edge" : "left"
                  },
                  "to" : {
                    "object" : "screen",
                    "edge" : "left"
                  },
                  "expectedDistance" : "8px",
                  "realDistance" : "8px"
                }, {
                  "from" : {
                    "object" : "sadrzaj",
                    "edge" : "right"
                  },
                  "to" : {
                    "object" : "screen",
                    "edge" : "right"
                  },
                  "expectedDistance" : "8px",
                  "realDistance" : "8px"
                }, {
                  "from" : {
                    "object" : "sadrzaj",
                    "edge" : "top"
                  },
                  "to" : {
                    "object" : "screen",
                    "edge" : "top"
                  },
                  "expectedDistance" : ">= 0px",
                  "realDistance" : "118px"
                } ],
                "highlight" : [ "sadrzaj", "screen" ]
              } ]
            } ]
          }, {
            "name" : "html elements",
            "place" : {
              "filePath" : "unostestGenerisani.gspec",
              "lineNumber" : 26
            },
            "objects" : [ {
              "name" : "slika",
              "specs" : [ {
                "status" : "info",
                "place" : {
                  "filePath" : "unostestGenerisani.gspec",
                  "lineNumber" : 28
                },
                "name" : "centered horizontally inside html 1px",
                "highlight" : [ "slika", "html" ]
              }, {
                "status" : "info",
                "place" : {
                  "filePath" : "unostestGenerisani.gspec",
                  "lineNumber" : 29
                },
                "name" : "height 50px",
                "meta" : [ {
                  "from" : {
                    "object" : "slika",
                    "edge" : "top"
                  },
                  "to" : {
                    "object" : "slika",
                    "edge" : "bottom"
                  },
                  "expectedDistance" : "50px",
                  "realDistance" : "50px"
                } ],
                "highlight" : [ "slika" ]
              }, {
                "status" : "info",
                "place" : {
                  "filePath" : "unostestGenerisani.gspec",
                  "lineNumber" : 30
                },
                "name" : "inside html 5px top",
                "meta" : [ {
                  "from" : {
                    "object" : "slika",
                    "edge" : "top"
                  },
                  "to" : {
                    "object" : "html",
                    "edge" : "top"
                  },
                  "expectedDistance" : "5px",
                  "realDistance" : "5px"
                } ],
                "highlight" : [ "slika", "html" ]
              }, {
                "status" : "info",
                "place" : {
                  "filePath" : "unostestGenerisani.gspec",
                  "lineNumber" : 31
                },
                "name" : "width 70px",
                "meta" : [ {
                  "from" : {
                    "object" : "slika",
                    "edge" : "left"
                  },
                  "to" : {
                    "object" : "slika",
                    "edge" : "right"
                  },
                  "expectedDistance" : "70px",
                  "realDistance" : "70px"
                } ],
                "highlight" : [ "slika" ]
              } ]
            } ]
          }, {
            "name" : "body elements",
            "place" : {
              "filePath" : "unostestGenerisani.gspec",
              "lineNumber" : 33
            },
            "objects" : [ {
              "name" : "lista",
              "specs" : [ {
                "status" : "info",
                "place" : {
                  "filePath" : "unostestGenerisani.gspec",
                  "lineNumber" : 35
                },
                "name" : "centered horizontally inside meni 1px",
                "highlight" : [ "lista", "meni" ]
              }, {
                "status" : "info",
                "place" : {
                  "filePath" : "unostestGenerisani.gspec",
                  "lineNumber" : 36
                },
                "name" : "inside meni 50px top, 1px bottom, 0px left right",
                "meta" : [ {
                  "from" : {
                    "object" : "lista",
                    "edge" : "top"
                  },
                  "to" : {
                    "object" : "meni",
                    "edge" : "top"
                  },
                  "expectedDistance" : "50px",
                  "realDistance" : "50px"
                }, {
                  "from" : {
                    "object" : "lista",
                    "edge" : "bottom"
                  },
                  "to" : {
                    "object" : "meni",
                    "edge" : "bottom"
                  },
                  "expectedDistance" : "1px",
                  "realDistance" : "1px"
                }, {
                  "from" : {
                    "object" : "lista",
                    "edge" : "left"
                  },
                  "to" : {
                    "object" : "meni",
                    "edge" : "left"
                  },
                  "expectedDistance" : "0px",
                  "realDistance" : "0px"
                }, {
                  "from" : {
                    "object" : "lista",
                    "edge" : "right"
                  },
                  "to" : {
                    "object" : "meni",
                    "edge" : "right"
                  },
                  "expectedDistance" : "0px",
                  "realDistance" : "0px"
                } ],
                "highlight" : [ "lista", "meni" ]
              }, {
                "status" : "info",
                "place" : {
                  "filePath" : "unostestGenerisani.gspec",
                  "lineNumber" : 56
                },
                "name" : "height 18px",
                "meta" : [ {
                  "from" : {
                    "object" : "lista",
                    "edge" : "top"
                  },
                  "to" : {
                    "object" : "lista",
                    "edge" : "bottom"
                  },
                  "expectedDistance" : "18px",
                  "realDistance" : "18px"
                } ],
                "highlight" : [ "lista" ]
              } ]
            }, {
              "name" : "meni",
              "specs" : [ {
                "status" : "info",
                "place" : {
                  "filePath" : "unostestGenerisani.gspec",
                  "lineNumber" : 39
                },
                "name" : "above labela-1 29px",
                "meta" : [ {
                  "from" : {
                    "object" : "meni",
                    "edge" : "bottom"
                  },
                  "to" : {
                    "object" : "labela-1",
                    "edge" : "top"
                  },
                  "expectedDistance" : "29px",
                  "realDistance" : "29px"
                } ],
                "highlight" : [ "meni", "labela-1" ]
              }, {
                "status" : "info",
                "place" : {
                  "filePath" : "unostestGenerisani.gspec",
                  "lineNumber" : 40
                },
                "name" : "centered horizontally inside body 1px",
                "highlight" : [ "meni", "body" ]
              }, {
                "status" : "info",
                "place" : {
                  "filePath" : "unostestGenerisani.gspec",
                  "lineNumber" : 41
                },
                "name" : "height 69px",
                "meta" : [ {
                  "from" : {
                    "object" : "meni",
                    "edge" : "top"
                  },
                  "to" : {
                    "object" : "meni",
                    "edge" : "bottom"
                  },
                  "expectedDistance" : "69px",
                  "realDistance" : "69px"
                } ],
                "highlight" : [ "meni" ]
              }, {
                "status" : "info",
                "place" : {
                  "filePath" : "unostestGenerisani.gspec",
                  "lineNumber" : 42
                },
                "name" : "inside body 0px top left right",
                "meta" : [ {
                  "from" : {
                    "object" : "meni",
                    "edge" : "top"
                  },
                  "to" : {
                    "object" : "body",
                    "edge" : "top"
                  },
                  "expectedDistance" : "0px",
                  "realDistance" : "0px"
                }, {
                  "from" : {
                    "object" : "meni",
                    "edge" : "left"
                  },
                  "to" : {
                    "object" : "body",
                    "edge" : "left"
                  },
                  "expectedDistance" : "0px",
                  "realDistance" : "0px"
                }, {
                  "from" : {
                    "object" : "meni",
                    "edge" : "right"
                  },
                  "to" : {
                    "object" : "body",
                    "edge" : "right"
                  },
                  "expectedDistance" : "0px",
                  "realDistance" : "0px"
                } ],
                "highlight" : [ "meni", "body" ]
              } ]
            }, {
              "name" : "a",
              "specs" : [ {
                "status" : "info",
                "place" : {
                  "filePath" : "unostestGenerisani.gspec",
                  "lineNumber" : 45
                },
                "name" : "inside lista 40px left, 0px top bottom",
                "meta" : [ {
                  "from" : {
                    "object" : "a",
                    "edge" : "left"
                  },
                  "to" : {
                    "object" : "lista",
                    "edge" : "left"
                  },
                  "expectedDistance" : "40px",
                  "realDistance" : "40px"
                }, {
                  "from" : {
                    "object" : "a",
                    "edge" : "top"
                  },
                  "to" : {
                    "object" : "lista",
                    "edge" : "top"
                  },
                  "expectedDistance" : "0px",
                  "realDistance" : "0px"
                }, {
                  "from" : {
                    "object" : "a",
                    "edge" : "bottom"
                  },
                  "to" : {
                    "object" : "lista",
                    "edge" : "bottom"
                  },
                  "expectedDistance" : "0px",
                  "realDistance" : "0px"
                } ],
                "highlight" : [ "a", "lista" ]
              }, {
                "status" : "info",
                "place" : {
                  "filePath" : "unostestGenerisani.gspec",
                  "lineNumber" : 46
                },
                "name" : "left-of elementLIste-2 4px",
                "meta" : [ {
                  "from" : {
                    "object" : "a",
                    "edge" : "right"
                  },
                  "to" : {
                    "object" : "elementLIste-2",
                    "edge" : "left"
                  },
                  "expectedDistance" : "4px",
                  "realDistance" : "4px"
                } ],
                "highlight" : [ "a", "elementLIste-2" ]
              }, {
                "status" : "info",
                "place" : {
                  "filePath" : "unostestGenerisani.gspec",
                  "lineNumber" : 47
                },
                "name" : "width 50px",
                "meta" : [ {
                  "from" : {
                    "object" : "a",
                    "edge" : "left"
                  },
                  "to" : {
                    "object" : "a",
                    "edge" : "right"
                  },
                  "expectedDistance" : "50px",
                  "realDistance" : "50px"
                } ],
                "highlight" : [ "a" ]
              }, {
                "status" : "info",
                "place" : {
                  "filePath" : "unostestGenerisani.gspec",
                  "lineNumber" : 56
                },
                "name" : "height 18px",
                "meta" : [ {
                  "from" : {
                    "object" : "a",
                    "edge" : "top"
                  },
                  "to" : {
                    "object" : "a",
                    "edge" : "bottom"
                  },
                  "expectedDistance" : "18px",
                  "realDistance" : "18px"
                } ],
                "highlight" : [ "a" ]
              } ]
            }, {
              "name" : "unos-1",
              "specs" : [ {
                "status" : "info",
                "place" : {
                  "filePath" : "unostestGenerisani.gspec",
                  "lineNumber" : 50
                },
                "name" : "inside body >= 0px right",
                "meta" : [ {
                  "from" : {
                    "object" : "unos-1",
                    "edge" : "right"
                  },
                  "to" : {
                    "object" : "body",
                    "edge" : "right"
                  },
                  "expectedDistance" : ">= 0px",
                  "realDistance" : "608px"
                } ],
                "highlight" : [ "unos-1", "body" ]
              }, {
                "status" : "info",
                "place" : {
                  "filePath" : "unostestGenerisani.gspec",
                  "lineNumber" : 59
                },
                "name" : "above unos-2 6px",
                "meta" : [ {
                  "from" : {
                    "object" : "unos-1",
                    "edge" : "bottom"
                  },
                  "to" : {
                    "object" : "unos-2",
                    "edge" : "top"
                  },
                  "expectedDistance" : "6px",
                  "realDistance" : "6px"
                } ],
                "highlight" : [ "unos-1", "unos-2" ]
              }, {
                "status" : "info",
                "place" : {
                  "filePath" : "unostestGenerisani.gspec",
                  "lineNumber" : 60
                },
                "name" : "below meni 29px",
                "meta" : [ {
                  "from" : {
                    "object" : "unos-1",
                    "edge" : "top"
                  },
                  "to" : {
                    "object" : "meni",
                    "edge" : "bottom"
                  },
                  "expectedDistance" : "29px",
                  "realDistance" : "29px"
                } ],
                "highlight" : [ "unos-1", "meni" ]
              }, {
                "status" : "info",
                "place" : {
                  "filePath" : "unostestGenerisani.gspec",
                  "lineNumber" : 61
                },
                "name" : "right-of labela-1 0px",
                "meta" : [ {
                  "from" : {
                    "object" : "unos-1",
                    "edge" : "left"
                  },
                  "to" : {
                    "object" : "labela-1",
                    "edge" : "right"
                  },
                  "expectedDistance" : "0px",
                  "realDistance" : "0px"
                } ],
                "highlight" : [ "unos-1", "labela-1" ]
              }, {
                "status" : "info",
                "place" : {
                  "filePath" : "unostestGenerisani.gspec",
                  "lineNumber" : 107
                },
                "name" : "height 30px",
                "meta" : [ {
                  "from" : {
                    "object" : "unos-1",
                    "edge" : "top"
                  },
                  "to" : {
                    "object" : "unos-1",
                    "edge" : "bottom"
                  },
                  "expectedDistance" : "30px",
                  "realDistance" : "30px"
                } ],
                "highlight" : [ "unos-1" ]
              } ]
            }, {
              "name" : "unos-2",
              "specs" : [ {
                "status" : "info",
                "place" : {
                  "filePath" : "unostestGenerisani.gspec",
                  "lineNumber" : 50
                },
                "name" : "inside body >= 0px right",
                "meta" : [ {
                  "from" : {
                    "object" : "unos-2",
                    "edge" : "right"
                  },
                  "to" : {
                    "object" : "body",
                    "edge" : "right"
                  },
                  "expectedDistance" : ">= 0px",
                  "realDistance" : "608px"
                } ],
                "highlight" : [ "unos-2", "body" ]
              }, {
                "status" : "info",
                "place" : {
                  "filePath" : "unostestGenerisani.gspec",
                  "lineNumber" : 107
                },
                "name" : "height 30px",
                "meta" : [ {
                  "from" : {
                    "object" : "unos-2",
                    "edge" : "top"
                  },
                  "to" : {
                    "object" : "unos-2",
                    "edge" : "bottom"
                  },
                  "expectedDistance" : "30px",
                  "realDistance" : "30px"
                } ],
                "highlight" : [ "unos-2" ]
              } ]
            }, {
              "name" : "unos-3",
              "specs" : [ {
                "status" : "info",
                "place" : {
                  "filePath" : "unostestGenerisani.gspec",
                  "lineNumber" : 50
                },
                "name" : "inside body >= 0px right",
                "meta" : [ {
                  "from" : {
                    "object" : "unos-3",
                    "edge" : "right"
                  },
                  "to" : {
                    "object" : "body",
                    "edge" : "right"
                  },
                  "expectedDistance" : ">= 0px",
                  "realDistance" : "608px"
                } ],
                "highlight" : [ "unos-3", "body" ]
              }, {
                "status" : "info",
                "place" : {
                  "filePath" : "unostestGenerisani.gspec",
                  "lineNumber" : 67
                },
                "name" : "above unos-4 6px",
                "meta" : [ {
                  "from" : {
                    "object" : "unos-3",
                    "edge" : "bottom"
                  },
                  "to" : {
                    "object" : "unos-4",
                    "edge" : "top"
                  },
                  "expectedDistance" : "6px",
                  "realDistance" : "6px"
                } ],
                "highlight" : [ "unos-3", "unos-4" ]
              }, {
                "status" : "info",
                "place" : {
                  "filePath" : "unostestGenerisani.gspec",
                  "lineNumber" : 68
                },
                "name" : "below unos-2 6px",
                "meta" : [ {
                  "from" : {
                    "object" : "unos-3",
                    "edge" : "top"
                  },
                  "to" : {
                    "object" : "unos-2",
                    "edge" : "bottom"
                  },
                  "expectedDistance" : "6px",
                  "realDistance" : "6px"
                } ],
                "highlight" : [ "unos-3", "unos-2" ]
              }, {
                "status" : "info",
                "place" : {
                  "filePath" : "unostestGenerisani.gspec",
                  "lineNumber" : 69
                },
                "name" : "right-of labela-3 0px",
                "meta" : [ {
                  "from" : {
                    "object" : "unos-3",
                    "edge" : "left"
                  },
                  "to" : {
                    "object" : "labela-3",
                    "edge" : "right"
                  },
                  "expectedDistance" : "0px",
                  "realDistance" : "0px"
                } ],
                "highlight" : [ "unos-3", "labela-3" ]
              }, {
                "status" : "info",
                "place" : {
                  "filePath" : "unostestGenerisani.gspec",
                  "lineNumber" : 107
                },
                "name" : "height 30px",
                "meta" : [ {
                  "from" : {
                    "object" : "unos-3",
                    "edge" : "top"
                  },
                  "to" : {
                    "object" : "unos-3",
                    "edge" : "bottom"
                  },
                  "expectedDistance" : "30px",
                  "realDistance" : "30px"
                } ],
                "highlight" : [ "unos-3" ]
              } ]
            }, {
              "name" : "unos-4",
              "specs" : [ {
                "status" : "info",
                "place" : {
                  "filePath" : "unostestGenerisani.gspec",
                  "lineNumber" : 50
                },
                "name" : "inside body >= 0px right",
                "meta" : [ {
                  "from" : {
                    "object" : "unos-4",
                    "edge" : "right"
                  },
                  "to" : {
                    "object" : "body",
                    "edge" : "right"
                  },
                  "expectedDistance" : ">= 0px",
                  "realDistance" : "608px"
                } ],
                "highlight" : [ "unos-4", "body" ]
              }, {
                "status" : "info",
                "place" : {
                  "filePath" : "unostestGenerisani.gspec",
                  "lineNumber" : 107
                },
                "name" : "height 30px",
                "meta" : [ {
                  "from" : {
                    "object" : "unos-4",
                    "edge" : "top"
                  },
                  "to" : {
                    "object" : "unos-4",
                    "edge" : "bottom"
                  },
                  "expectedDistance" : "30px",
                  "realDistance" : "30px"
                } ],
                "highlight" : [ "unos-4" ]
              } ]
            }, {
              "name" : "unos-5",
              "specs" : [ {
                "status" : "info",
                "place" : {
                  "filePath" : "unostestGenerisani.gspec",
                  "lineNumber" : 50
                },
                "name" : "inside body >= 0px right",
                "meta" : [ {
                  "from" : {
                    "object" : "unos-5",
                    "edge" : "right"
                  },
                  "to" : {
                    "object" : "body",
                    "edge" : "right"
                  },
                  "expectedDistance" : ">= 0px",
                  "realDistance" : "712px"
                } ],
                "highlight" : [ "unos-5", "body" ]
              }, {
                "status" : "info",
                "place" : {
                  "filePath" : "unostestGenerisani.gspec",
                  "lineNumber" : 79
                },
                "name" : "below unos-4 6px",
                "meta" : [ {
                  "from" : {
                    "object" : "unos-5",
                    "edge" : "top"
                  },
                  "to" : {
                    "object" : "unos-4",
                    "edge" : "bottom"
                  },
                  "expectedDistance" : "6px",
                  "realDistance" : "6px"
                } ],
                "highlight" : [ "unos-5", "unos-4" ]
              }, {
                "status" : "info",
                "place" : {
                  "filePath" : "unostestGenerisani.gspec",
                  "lineNumber" : 80
                },
                "name" : "height 25px",
                "meta" : [ {
                  "from" : {
                    "object" : "unos-5",
                    "edge" : "top"
                  },
                  "to" : {
                    "object" : "unos-5",
                    "edge" : "bottom"
                  },
                  "expectedDistance" : "25px",
                  "realDistance" : "25px"
                } ],
                "highlight" : [ "unos-5" ]
              }, {
                "status" : "info",
                "place" : {
                  "filePath" : "unostestGenerisani.gspec",
                  "lineNumber" : 81
                },
                "name" : "right-of labela-5 0px",
                "meta" : [ {
                  "from" : {
                    "object" : "unos-5",
                    "edge" : "left"
                  },
                  "to" : {
                    "object" : "labela-5",
                    "edge" : "right"
                  },
                  "expectedDistance" : "0px",
                  "realDistance" : "0px"
                } ],
                "highlight" : [ "unos-5", "labela-5" ]
              }, {
                "status" : "info",
                "place" : {
                  "filePath" : "unostestGenerisani.gspec",
                  "lineNumber" : 82
                },
                "name" : "width 57px",
                "meta" : [ {
                  "from" : {
                    "object" : "unos-5",
                    "edge" : "left"
                  },
                  "to" : {
                    "object" : "unos-5",
                    "edge" : "right"
                  },
                  "expectedDistance" : "57px",
                  "realDistance" : "57px"
                } ],
                "highlight" : [ "unos-5" ]
              } ]
            }, {
              "name" : "labela-1",
              "specs" : [ {
                "status" : "info",
                "place" : {
                  "filePath" : "unostestGenerisani.gspec",
                  "lineNumber" : 53
                },
                "name" : "inside body 9px left",
                "meta" : [ {
                  "from" : {
                    "object" : "labela-1",
                    "edge" : "left"
                  },
                  "to" : {
                    "object" : "body",
                    "edge" : "left"
                  },
                  "expectedDistance" : "9px",
                  "realDistance" : "9px"
                } ],
                "highlight" : [ "labela-1", "body" ]
              }, {
                "status" : "info",
                "place" : {
                  "filePath" : "unostestGenerisani.gspec",
                  "lineNumber" : 64
                },
                "name" : "above labela-2 6px",
                "meta" : [ {
                  "from" : {
                    "object" : "labela-1",
                    "edge" : "bottom"
                  },
                  "to" : {
                    "object" : "labela-2",
                    "edge" : "top"
                  },
                  "expectedDistance" : "6px",
                  "realDistance" : "6px"
                } ],
                "highlight" : [ "labela-1", "labela-2" ]
              }, {
                "status" : "info",
                "place" : {
                  "filePath" : "unostestGenerisani.gspec",
                  "lineNumber" : 107
                },
                "name" : "height 30px",
                "meta" : [ {
                  "from" : {
                    "object" : "labela-1",
                    "edge" : "top"
                  },
                  "to" : {
                    "object" : "labela-1",
                    "edge" : "bottom"
                  },
                  "expectedDistance" : "30px",
                  "realDistance" : "30px"
                } ],
                "highlight" : [ "labela-1" ]
              } ]
            }, {
              "name" : "labela-2",
              "specs" : [ {
                "status" : "info",
                "place" : {
                  "filePath" : "unostestGenerisani.gspec",
                  "lineNumber" : 53
                },
                "name" : "inside body 9px left",
                "meta" : [ {
                  "from" : {
                    "object" : "labela-2",
                    "edge" : "left"
                  },
                  "to" : {
                    "object" : "body",
                    "edge" : "left"
                  },
                  "expectedDistance" : "9px",
                  "realDistance" : "9px"
                } ],
                "highlight" : [ "labela-2", "body" ]
              }, {
                "status" : "info",
                "place" : {
                  "filePath" : "unostestGenerisani.gspec",
                  "lineNumber" : 72
                },
                "name" : "above labela-3 6px",
                "meta" : [ {
                  "from" : {
                    "object" : "labela-2",
                    "edge" : "bottom"
                  },
                  "to" : {
                    "object" : "labela-3",
                    "edge" : "top"
                  },
                  "expectedDistance" : "6px",
                  "realDistance" : "6px"
                } ],
                "highlight" : [ "labela-2", "labela-3" ]
              }, {
                "status" : "info",
                "place" : {
                  "filePath" : "unostestGenerisani.gspec",
                  "lineNumber" : 73
                },
                "name" : "left-of unos-2 0px",
                "meta" : [ {
                  "from" : {
                    "object" : "labela-2",
                    "edge" : "right"
                  },
                  "to" : {
                    "object" : "unos-2",
                    "edge" : "left"
                  },
                  "expectedDistance" : "0px",
                  "realDistance" : "0px"
                } ],
                "highlight" : [ "labela-2", "unos-2" ]
              }, {
                "status" : "info",
                "place" : {
                  "filePath" : "unostestGenerisani.gspec",
                  "lineNumber" : 107
                },
                "name" : "height 30px",
                "meta" : [ {
                  "from" : {
                    "object" : "labela-2",
                    "edge" : "top"
                  },
                  "to" : {
                    "object" : "labela-2",
                    "edge" : "bottom"
                  },
                  "expectedDistance" : "30px",
                  "realDistance" : "30px"
                } ],
                "highlight" : [ "labela-2" ]
              } ]
            }, {
              "name" : "labela-3",
              "specs" : [ {
                "status" : "info",
                "place" : {
                  "filePath" : "unostestGenerisani.gspec",
                  "lineNumber" : 53
                },
                "name" : "inside body 9px left",
                "meta" : [ {
                  "from" : {
                    "object" : "labela-3",
                    "edge" : "left"
                  },
                  "to" : {
                    "object" : "body",
                    "edge" : "left"
                  },
                  "expectedDistance" : "9px",
                  "realDistance" : "9px"
                } ],
                "highlight" : [ "labela-3", "body" ]
              }, {
                "status" : "info",
                "place" : {
                  "filePath" : "unostestGenerisani.gspec",
                  "lineNumber" : 76
                },
                "name" : "above labela-4 6px",
                "meta" : [ {
                  "from" : {
                    "object" : "labela-3",
                    "edge" : "bottom"
                  },
                  "to" : {
                    "object" : "labela-4",
                    "edge" : "top"
                  },
                  "expectedDistance" : "6px",
                  "realDistance" : "6px"
                } ],
                "highlight" : [ "labela-3", "labela-4" ]
              }, {
                "status" : "info",
                "place" : {
                  "filePath" : "unostestGenerisani.gspec",
                  "lineNumber" : 107
                },
                "name" : "height 30px",
                "meta" : [ {
                  "from" : {
                    "object" : "labela-3",
                    "edge" : "top"
                  },
                  "to" : {
                    "object" : "labela-3",
                    "edge" : "bottom"
                  },
                  "expectedDistance" : "30px",
                  "realDistance" : "30px"
                } ],
                "highlight" : [ "labela-3" ]
              } ]
            }, {
              "name" : "labela-4",
              "specs" : [ {
                "status" : "info",
                "place" : {
                  "filePath" : "unostestGenerisani.gspec",
                  "lineNumber" : 53
                },
                "name" : "inside body 9px left",
                "meta" : [ {
                  "from" : {
                    "object" : "labela-4",
                    "edge" : "left"
                  },
                  "to" : {
                    "object" : "body",
                    "edge" : "left"
                  },
                  "expectedDistance" : "9px",
                  "realDistance" : "9px"
                } ],
                "highlight" : [ "labela-4", "body" ]
              }, {
                "status" : "info",
                "place" : {
                  "filePath" : "unostestGenerisani.gspec",
                  "lineNumber" : 85
                },
                "name" : "above labela-5 6px",
                "meta" : [ {
                  "from" : {
                    "object" : "labela-4",
                    "edge" : "bottom"
                  },
                  "to" : {
                    "object" : "labela-5",
                    "edge" : "top"
                  },
                  "expectedDistance" : "6px",
                  "realDistance" : "6px"
                } ],
                "highlight" : [ "labela-4", "labela-5" ]
              }, {
                "status" : "info",
                "place" : {
                  "filePath" : "unostestGenerisani.gspec",
                  "lineNumber" : 86
                },
                "name" : "left-of unos-4 0px",
                "meta" : [ {
                  "from" : {
                    "object" : "labela-4",
                    "edge" : "right"
                  },
                  "to" : {
                    "object" : "unos-4",
                    "edge" : "left"
                  },
                  "expectedDistance" : "0px",
                  "realDistance" : "0px"
                } ],
                "highlight" : [ "labela-4", "unos-4" ]
              }, {
                "status" : "info",
                "place" : {
                  "filePath" : "unostestGenerisani.gspec",
                  "lineNumber" : 107
                },
                "name" : "height 30px",
                "meta" : [ {
                  "from" : {
                    "object" : "labela-4",
                    "edge" : "top"
                  },
                  "to" : {
                    "object" : "labela-4",
                    "edge" : "bottom"
                  },
                  "expectedDistance" : "30px",
                  "realDistance" : "30px"
                } ],
                "highlight" : [ "labela-4" ]
              } ]
            }, {
              "name" : "labela-5",
              "specs" : [ {
                "status" : "info",
                "place" : {
                  "filePath" : "unostestGenerisani.gspec",
                  "lineNumber" : 53
                },
                "name" : "inside body 9px left",
                "meta" : [ {
                  "from" : {
                    "object" : "labela-5",
                    "edge" : "left"
                  },
                  "to" : {
                    "object" : "body",
                    "edge" : "left"
                  },
                  "expectedDistance" : "9px",
                  "realDistance" : "9px"
                } ],
                "highlight" : [ "labela-5", "body" ]
              }, {
                "status" : "info",
                "place" : {
                  "filePath" : "unostestGenerisani.gspec",
                  "lineNumber" : 107
                },
                "name" : "height 30px",
                "meta" : [ {
                  "from" : {
                    "object" : "labela-5",
                    "edge" : "top"
                  },
                  "to" : {
                    "object" : "labela-5",
                    "edge" : "bottom"
                  },
                  "expectedDistance" : "30px",
                  "realDistance" : "30px"
                } ],
                "highlight" : [ "labela-5" ]
              } ]
            }, {
              "name" : "elementLIste-2",
              "specs" : [ {
                "status" : "info",
                "place" : {
                  "filePath" : "unostestGenerisani.gspec",
                  "lineNumber" : 56
                },
                "name" : "height 18px",
                "meta" : [ {
                  "from" : {
                    "object" : "elementLIste-2",
                    "edge" : "top"
                  },
                  "to" : {
                    "object" : "elementLIste-2",
                    "edge" : "bottom"
                  },
                  "expectedDistance" : "18px",
                  "realDistance" : "18px"
                } ],
                "highlight" : [ "elementLIste-2" ]
              }, {
                "status" : "info",
                "place" : {
                  "filePath" : "unostestGenerisani.gspec",
                  "lineNumber" : 94
                },
                "name" : "inside lista 0px top bottom",
                "meta" : [ {
                  "from" : {
                    "object" : "elementLIste-2",
                    "edge" : "top"
                  },
                  "to" : {
                    "object" : "lista",
                    "edge" : "top"
                  },
                  "expectedDistance" : "0px",
                  "realDistance" : "0px"
                }, {
                  "from" : {
                    "object" : "elementLIste-2",
                    "edge" : "bottom"
                  },
                  "to" : {
                    "object" : "lista",
                    "edge" : "bottom"
                  },
                  "expectedDistance" : "0px",
                  "realDistance" : "0px"
                } ],
                "highlight" : [ "elementLIste-2", "lista" ]
              }, {
                "status" : "info",
                "place" : {
                  "filePath" : "unostestGenerisani.gspec",
                  "lineNumber" : 97
                },
                "name" : "width 28px",
                "meta" : [ {
                  "from" : {
                    "object" : "elementLIste-2",
                    "edge" : "left"
                  },
                  "to" : {
                    "object" : "elementLIste-2",
                    "edge" : "right"
                  },
                  "expectedDistance" : "28px",
                  "realDistance" : "28px"
                } ],
                "highlight" : [ "elementLIste-2" ]
              } ]
            }, {
              "name" : "elementLIste-3",
              "specs" : [ {
                "status" : "info",
                "place" : {
                  "filePath" : "unostestGenerisani.gspec",
                  "lineNumber" : 56
                },
                "name" : "height 18px",
                "meta" : [ {
                  "from" : {
                    "object" : "elementLIste-3",
                    "edge" : "top"
                  },
                  "to" : {
                    "object" : "elementLIste-3",
                    "edge" : "bottom"
                  },
                  "expectedDistance" : "18px",
                  "realDistance" : "18px"
                } ],
                "highlight" : [ "elementLIste-3" ]
              }, {
                "status" : "info",
                "place" : {
                  "filePath" : "unostestGenerisani.gspec",
                  "lineNumber" : 89
                },
                "name" : "left-of elementLIste-4 3px",
                "meta" : [ {
                  "from" : {
                    "object" : "elementLIste-3",
                    "edge" : "right"
                  },
                  "to" : {
                    "object" : "elementLIste-4",
                    "edge" : "left"
                  },
                  "expectedDistance" : "3px",
                  "realDistance" : "3px"
                } ],
                "highlight" : [ "elementLIste-3", "elementLIste-4" ]
              }, {
                "status" : "info",
                "place" : {
                  "filePath" : "unostestGenerisani.gspec",
                  "lineNumber" : 90
                },
                "name" : "right-of elementLIste-2 4px",
                "meta" : [ {
                  "from" : {
                    "object" : "elementLIste-3",
                    "edge" : "left"
                  },
                  "to" : {
                    "object" : "elementLIste-2",
                    "edge" : "right"
                  },
                  "expectedDistance" : "4px",
                  "realDistance" : "4px"
                } ],
                "highlight" : [ "elementLIste-3", "elementLIste-2" ]
              }, {
                "status" : "info",
                "place" : {
                  "filePath" : "unostestGenerisani.gspec",
                  "lineNumber" : 91
                },
                "name" : "width 34px",
                "meta" : [ {
                  "from" : {
                    "object" : "elementLIste-3",
                    "edge" : "left"
                  },
                  "to" : {
                    "object" : "elementLIste-3",
                    "edge" : "right"
                  },
                  "expectedDistance" : "34px",
                  "realDistance" : "34px"
                } ],
                "highlight" : [ "elementLIste-3" ]
              }, {
                "status" : "info",
                "place" : {
                  "filePath" : "unostestGenerisani.gspec",
                  "lineNumber" : 94
                },
                "name" : "inside lista 0px top bottom",
                "meta" : [ {
                  "from" : {
                    "object" : "elementLIste-3",
                    "edge" : "top"
                  },
                  "to" : {
                    "object" : "lista",
                    "edge" : "top"
                  },
                  "expectedDistance" : "0px",
                  "realDistance" : "0px"
                }, {
                  "from" : {
                    "object" : "elementLIste-3",
                    "edge" : "bottom"
                  },
                  "to" : {
                    "object" : "lista",
                    "edge" : "bottom"
                  },
                  "expectedDistance" : "0px",
                  "realDistance" : "0px"
                } ],
                "highlight" : [ "elementLIste-3", "lista" ]
              } ]
            }, {
              "name" : "elementLIste-4",
              "specs" : [ {
                "status" : "info",
                "place" : {
                  "filePath" : "unostestGenerisani.gspec",
                  "lineNumber" : 56
                },
                "name" : "height 18px",
                "meta" : [ {
                  "from" : {
                    "object" : "elementLIste-4",
                    "edge" : "top"
                  },
                  "to" : {
                    "object" : "elementLIste-4",
                    "edge" : "bottom"
                  },
                  "expectedDistance" : "18px",
                  "realDistance" : "18px"
                } ],
                "highlight" : [ "elementLIste-4" ]
              }, {
                "status" : "info",
                "place" : {
                  "filePath" : "unostestGenerisani.gspec",
                  "lineNumber" : 94
                },
                "name" : "inside lista 0px top bottom",
                "meta" : [ {
                  "from" : {
                    "object" : "elementLIste-4",
                    "edge" : "top"
                  },
                  "to" : {
                    "object" : "lista",
                    "edge" : "top"
                  },
                  "expectedDistance" : "0px",
                  "realDistance" : "0px"
                }, {
                  "from" : {
                    "object" : "elementLIste-4",
                    "edge" : "bottom"
                  },
                  "to" : {
                    "object" : "lista",
                    "edge" : "bottom"
                  },
                  "expectedDistance" : "0px",
                  "realDistance" : "0px"
                } ],
                "highlight" : [ "elementLIste-4", "lista" ]
              }, {
                "status" : "info",
                "place" : {
                  "filePath" : "unostestGenerisani.gspec",
                  "lineNumber" : 104
                },
                "name" : "width 75px",
                "meta" : [ {
                  "from" : {
                    "object" : "elementLIste-4",
                    "edge" : "left"
                  },
                  "to" : {
                    "object" : "elementLIste-4",
                    "edge" : "right"
                  },
                  "expectedDistance" : "75px",
                  "realDistance" : "75px"
                } ],
                "highlight" : [ "elementLIste-4" ]
              } ]
            }, {
              "name" : "elementLIste-5",
              "specs" : [ {
                "status" : "info",
                "place" : {
                  "filePath" : "unostestGenerisani.gspec",
                  "lineNumber" : 56
                },
                "name" : "height 18px",
                "meta" : [ {
                  "from" : {
                    "object" : "elementLIste-5",
                    "edge" : "top"
                  },
                  "to" : {
                    "object" : "elementLIste-5",
                    "edge" : "bottom"
                  },
                  "expectedDistance" : "18px",
                  "realDistance" : "18px"
                } ],
                "highlight" : [ "elementLIste-5" ]
              }, {
                "status" : "info",
                "place" : {
                  "filePath" : "unostestGenerisani.gspec",
                  "lineNumber" : 94
                },
                "name" : "inside lista 0px top bottom",
                "meta" : [ {
                  "from" : {
                    "object" : "elementLIste-5",
                    "edge" : "top"
                  },
                  "to" : {
                    "object" : "lista",
                    "edge" : "top"
                  },
                  "expectedDistance" : "0px",
                  "realDistance" : "0px"
                }, {
                  "from" : {
                    "object" : "elementLIste-5",
                    "edge" : "bottom"
                  },
                  "to" : {
                    "object" : "lista",
                    "edge" : "bottom"
                  },
                  "expectedDistance" : "0px",
                  "realDistance" : "0px"
                } ],
                "highlight" : [ "elementLIste-5", "lista" ]
              }, {
                "status" : "info",
                "place" : {
                  "filePath" : "unostestGenerisani.gspec",
                  "lineNumber" : 100
                },
                "name" : "right-of elementLIste-4 5px",
                "meta" : [ {
                  "from" : {
                    "object" : "elementLIste-5",
                    "edge" : "left"
                  },
                  "to" : {
                    "object" : "elementLIste-4",
                    "edge" : "right"
                  },
                  "expectedDistance" : "5px",
                  "realDistance" : "5px"
                } ],
                "highlight" : [ "elementLIste-5", "elementLIste-4" ]
              }, {
                "status" : "info",
                "place" : {
                  "filePath" : "unostestGenerisani.gspec",
                  "lineNumber" : 101
                },
                "name" : "width 41px",
                "meta" : [ {
                  "from" : {
                    "object" : "elementLIste-5",
                    "edge" : "left"
                  },
                  "to" : {
                    "object" : "elementLIste-5",
                    "edge" : "right"
                  },
                  "expectedDistance" : "41px",
                  "realDistance" : "41px"
                } ],
                "highlight" : [ "elementLIste-5" ]
              } ]
            } ]
          } ],
          "objects" : {
            "lista" : {
              "area" : [ 8, 80, 978, 18 ]
            },
            "meni" : {
              "area" : [ 8, 30, 978, 69 ]
            },
            "slika" : {
              "area" : [ 462, 5, 70, 50 ]
            },
            "a" : {
              "area" : [ 48, 80, 50, 18 ]
            },
            "unos-1" : {
              "area" : [ 217, 128, 161, 30 ]
            },
            "screen" : {
              "area" : [ 0, 0, 994, 820 ]
            },
            "labela-1" : {
              "area" : [ 17, 128, 200, 30 ]
            },
            "unos-3" : {
              "area" : [ 217, 200, 161, 30 ]
            },
            "labela-2" : {
              "area" : [ 17, 164, 200, 30 ]
            },
            "unos-2" : {
              "area" : [ 217, 164, 161, 30 ]
            },
            "labela-3" : {
              "area" : [ 17, 200, 200, 30 ]
            },
            "body" : {
              "area" : [ 8, 30, 978, 682 ]
            },
            "unos-5" : {
              "area" : [ 217, 272, 57, 25 ]
            },
            "labela-4" : {
              "area" : [ 17, 236, 200, 30 ]
            },
            "elementLIste-3" : {
              "area" : [ 134, 80, 34, 18 ]
            },
            "elementLIste-2" : {
              "area" : [ 102, 80, 28, 18 ]
            },
            "unos-4" : {
              "area" : [ 217, 236, 161, 30 ]
            },
            "labela-5" : {
              "area" : [ 17, 272, 200, 30 ]
            },
            "sadrzaj" : {
              "area" : [ 8, 118, 978, 702 ]
            },
            "elementLIste-5" : {
              "area" : [ 251, 80, 41, 18 ]
            },
            "elementLIste-4" : {
              "area" : [ 171, 80, 75, 18 ]
            },
            "html" : {
              "area" : [ 0, 0, 994, 682 ]
            }
          },
          "screenshot" : "layout-1-screenshot.png",
          "type" : "layout"
        }, {
          "name" : "Mutation testing: unostestGenerisani.gspec included tags: ",
          "status" : "error",
          "time" : 1573673464707,
          "mutationReport" : {
            "objectMutationStatistics" : {
              "lista" : {
                "passed" : 10,
                "failed" : 0,
                "failedMutations" : [ ]
              },
              "meni" : {
                "passed" : 10,
                "failed" : 0,
                "failedMutations" : [ ]
              },
              "slika" : {
                "passed" : 10,
                "failed" : 0,
                "failedMutations" : [ ]
              },
              "a" : {
                "passed" : 10,
                "failed" : 0,
                "failedMutations" : [ ]
              },
              "unos-1" : {
                "passed" : 8,
                "failed" : 2,
                "failedMutations" : [ "unos-1: increase width by 5px", "unos-1: decrease width by 5px" ]
              },
              "screen" : {
                "passed" : 10,
                "failed" : 0,
                "failedMutations" : [ ]
              },
              "labela-1" : {
                "passed" : 10,
                "failed" : 0,
                "failedMutations" : [ ]
              },
              "unos-3" : {
                "passed" : 8,
                "failed" : 2,
                "failedMutations" : [ "unos-3: increase width by 5px", "unos-3: decrease width by 5px" ]
              },
              "labela-2" : {
                "passed" : 10,
                "failed" : 0,
                "failedMutations" : [ ]
              },
              "unos-2" : {
                "passed" : 8,
                "failed" : 2,
                "failedMutations" : [ "unos-2: increase width by 5px", "unos-2: decrease width by 5px" ]
              },
              "labela-3" : {
                "passed" : 10,
                "failed" : 0,
                "failedMutations" : [ ]
              },
              "body" : {
                "passed" : 8,
                "failed" : 2,
                "failedMutations" : [ "body: increase height by 5px", "body: decrease height by 5px" ]
              },
              "unos-5" : {
                "passed" : 10,
                "failed" : 0,
                "failedMutations" : [ ]
              },
              "labela-4" : {
                "passed" : 10,
                "failed" : 0,
                "failedMutations" : [ ]
              },
              "elementLIste-3" : {
                "passed" : 10,
                "failed" : 0,
                "failedMutations" : [ ]
              },
              "elementLIste-2" : {
                "passed" : 10,
                "failed" : 0,
                "failedMutations" : [ ]
              },
              "unos-4" : {
                "passed" : 8,
                "failed" : 2,
                "failedMutations" : [ "unos-4: increase width by 5px", "unos-4: decrease width by 5px" ]
              },
              "labela-5" : {
                "passed" : 10,
                "failed" : 0,
                "failedMutations" : [ ]
              },
              "sadrzaj" : {
                "passed" : 9,
                "failed" : 1,
                "failedMutations" : [ "sadrzaj: move top edge down by 5px" ]
              },
              "elementLIste-5" : {
                "passed" : 10,
                "failed" : 0,
                "failedMutations" : [ ]
              },
              "elementLIste-4" : {
                "passed" : 10,
                "failed" : 0,
                "failedMutations" : [ ]
              },
              "html" : {
                "passed" : 8,
                "failed" : 2,
                "failedMutations" : [ "html: increase height by 5px", "html: decrease height by 5px" ]
              }
            },
            "totalPassed" : 207,
            "totalFailed" : 13,
            "totalMutations" : 220,
            "failedRatio" : 5.909090909090909
          },
          "type" : "mutation"
        } ],
        "time" : 1573673459343,
        "type" : "node"
      } ],
      "time" : 1573673455055,
      "type" : "node"
    } ]
  }
}