{
  "testId" : "1-mobilesale.gspec",
  "name" : "mobileSale.gspec",
  "report" : {
    "nodes" : [ {
      "name" : "Simple check",
      "status" : "info",
      "nodes" : [ {
        "name" : "check  mobileSale.gspec --url http://localhost:8080/sale.html --size 599x599 --htmlreport izvjestajiMobileSale",
        "status" : "info",
        "nodes" : [ {
          "name" : "Check layout: mobileSale.gspec included tags: ",
          "status" : "info",
          "time" : 1573605706775,
          "sections" : [ {
            "name" : "Logo",
            "place" : {
              "filePath" : "mobileSale.gspec",
              "lineNumber" : 14
            },
            "objects" : [ {
              "name" : "logo",
              "specs" : [ {
                "status" : "info",
                "place" : {
                  "filePath" : "mobileSale.gspec",
                  "lineNumber" : 16
                },
                "name" : "aligned vertically centered logo",
                "highlight" : [ "logo", "logo" ]
              }, {
                "status" : "info",
                "place" : {
                  "filePath" : "mobileSale.gspec",
                  "lineNumber" : 17
                },
                "name" : "above meniLista -25px",
                "meta" : [ {
                  "from" : {
                    "object" : "logo",
                    "edge" : "bottom"
                  },
                  "to" : {
                    "object" : "meniLista",
                    "edge" : "top"
                  },
                  "expectedDistance" : "-25px",
                  "realDistance" : "-25px"
                } ],
                "highlight" : [ "logo", "meniLista" ]
              }, {
                "status" : "info",
                "place" : {
                  "filePath" : "mobileSale.gspec",
                  "lineNumber" : 18
                },
                "name" : "css position is \"absolute\"",
                "highlight" : [ "logo" ]
              }, {
                "status" : "info",
                "place" : {
                  "filePath" : "mobileSale.gspec",
                  "lineNumber" : 19
                },
                "name" : "css top is \"0px\"",
                "highlight" : [ "logo" ]
              } ]
            } ]
          }, {
            "name" : "Meni",
            "place" : {
              "filePath" : "mobileSale.gspec",
              "lineNumber" : 21
            },
            "objects" : [ {
              "name" : "meniLista",
              "specs" : [ {
                "status" : "info",
                "place" : {
                  "filePath" : "mobileSale.gspec",
                  "lineNumber" : 23
                },
                "name" : "inside meni 0px top",
                "meta" : [ {
                  "from" : {
                    "object" : "meniLista",
                    "edge" : "top"
                  },
                  "to" : {
                    "object" : "meni",
                    "edge" : "top"
                  },
                  "expectedDistance" : "0px",
                  "realDistance" : "0px"
                } ],
                "highlight" : [ "meniLista", "meni" ]
              }, {
                "status" : "info",
                "place" : {
                  "filePath" : "mobileSale.gspec",
                  "lineNumber" : 24
                },
                "name" : "aligned vertically centered meniLista",
                "highlight" : [ "meniLista", "meniLista" ]
              }, {
                "status" : "info",
                "place" : {
                  "filePath" : "mobileSale.gspec",
                  "lineNumber" : 25
                },
                "name" : "below logo -25px",
                "meta" : [ {
                  "from" : {
                    "object" : "meniLista",
                    "edge" : "top"
                  },
                  "to" : {
                    "object" : "logo",
                    "edge" : "bottom"
                  },
                  "expectedDistance" : "-25px",
                  "realDistance" : "-25px"
                } ],
                "highlight" : [ "meniLista", "logo" ]
              }, {
                "status" : "info",
                "place" : {
                  "filePath" : "mobileSale.gspec",
                  "lineNumber" : 26
                },
                "name" : "css display is \"block\"",
                "highlight" : [ "meniLista" ]
              }, {
                "status" : "info",
                "place" : {
                  "filePath" : "mobileSale.gspec",
                  "lineNumber" : 27
                },
                "name" : "css position is \"relative\"",
                "highlight" : [ "meniLista" ]
              }, {
                "status" : "info",
                "place" : {
                  "filePath" : "mobileSale.gspec",
                  "lineNumber" : 28
                },
                "name" : "css text-align is \"center\"",
                "highlight" : [ "meniLista" ]
              }, {
                "status" : "info",
                "place" : {
                  "filePath" : "mobileSale.gspec",
                  "lineNumber" : 29
                },
                "name" : "css top is \"0px\"",
                "highlight" : [ "meniLista" ]
              } ]
            }, {
              "name" : "meni",
              "specs" : [ {
                "status" : "info",
                "place" : {
                  "filePath" : "mobileSale.gspec",
                  "lineNumber" : 31
                },
                "name" : "css background-color is \"rgb(65, 105, 225)\"",
                "highlight" : [ "meni" ]
              }, {
                "status" : "info",
                "place" : {
                  "filePath" : "mobileSale.gspec",
                  "lineNumber" : 32
                },
                "name" : "height 100px",
                "meta" : [ {
                  "from" : {
                    "object" : "meni",
                    "edge" : "top"
                  },
                  "to" : {
                    "object" : "meni",
                    "edge" : "bottom"
                  },
                  "expectedDistance" : "100px",
                  "realDistance" : "100px"
                } ],
                "highlight" : [ "meni" ]
              }, {
                "status" : "info",
                "place" : {
                  "filePath" : "mobileSale.gspec",
                  "lineNumber" : 33
                },
                "name" : "width 600px",
                "meta" : [ {
                  "from" : {
                    "object" : "meni",
                    "edge" : "left"
                  },
                  "to" : {
                    "object" : "meni",
                    "edge" : "right"
                  },
                  "expectedDistance" : "600px",
                  "realDistance" : "600px"
                } ],
                "highlight" : [ "meni" ]
              }, {
                "status" : "info",
                "place" : {
                  "filePath" : "mobileSale.gspec",
                  "lineNumber" : 34
                },
                "name" : "aligned vertically centered meni",
                "highlight" : [ "meni", "meni" ]
              }, {
                "status" : "info",
                "place" : {
                  "filePath" : "mobileSale.gspec",
                  "lineNumber" : 35
                },
                "name" : "css margin-left is \"0px\"",
                "highlight" : [ "meni" ]
              }, {
                "status" : "info",
                "place" : {
                  "filePath" : "mobileSale.gspec",
                  "lineNumber" : 36
                },
                "name" : "css margin-right is \"0px\"",
                "highlight" : [ "meni" ]
              }, {
                "status" : "info",
                "place" : {
                  "filePath" : "mobileSale.gspec",
                  "lineNumber" : 37
                },
                "name" : "css position is \"relative\"",
                "highlight" : [ "meni" ]
              }, {
                "status" : "info",
                "place" : {
                  "filePath" : "mobileSale.gspec",
                  "lineNumber" : 38
                },
                "name" : "css top is \"25px\"",
                "highlight" : [ "meni" ]
              } ]
            } ]
          }, {
            "name" : "Sadrzaj",
            "place" : {
              "filePath" : "mobileSale.gspec",
              "lineNumber" : 41
            },
            "objects" : [ {
              "name" : "sadrzaj",
              "specs" : [ {
                "status" : "info",
                "place" : {
                  "filePath" : "mobileSale.gspec",
                  "lineNumber" : 43
                },
                "name" : "aligned vertically centered sadrzaj",
                "highlight" : [ "sadrzaj", "sadrzaj" ]
              }, {
                "status" : "info",
                "place" : {
                  "filePath" : "mobileSale.gspec",
                  "lineNumber" : 44
                },
                "name" : "inside sala",
                "meta" : [ ],
                "highlight" : [ "sadrzaj", "sala" ]
              }, {
                "status" : "info",
                "place" : {
                  "filePath" : "mobileSale.gspec",
                  "lineNumber" : 45
                },
                "name" : "height 410px",
                "meta" : [ {
                  "from" : {
                    "object" : "sadrzaj",
                    "edge" : "top"
                  },
                  "to" : {
                    "object" : "sadrzaj",
                    "edge" : "bottom"
                  },
                  "expectedDistance" : "410px",
                  "realDistance" : "410px"
                } ],
                "highlight" : [ "sadrzaj" ]
              }, {
                "status" : "info",
                "place" : {
                  "filePath" : "mobileSale.gspec",
                  "lineNumber" : 46
                },
                "name" : "css background-color is \"rgb(65, 105, 225)\"",
                "highlight" : [ "sadrzaj" ]
              }, {
                "status" : "info",
                "place" : {
                  "filePath" : "mobileSale.gspec",
                  "lineNumber" : 47
                },
                "name" : "css border-collapse is \"collapse\"",
                "highlight" : [ "sadrzaj" ]
              }, {
                "status" : "info",
                "place" : {
                  "filePath" : "mobileSale.gspec",
                  "lineNumber" : 48
                },
                "name" : "css text-align is \"left\"",
                "highlight" : [ "sadrzaj" ]
              }, {
                "status" : "info",
                "place" : {
                  "filePath" : "mobileSale.gspec",
                  "lineNumber" : 49
                },
                "name" : "css position is \"relative\"",
                "highlight" : [ "sadrzaj" ]
              }, {
                "status" : "info",
                "place" : {
                  "filePath" : "mobileSale.gspec",
                  "lineNumber" : 50
                },
                "name" : "css margin-top is \"30px\"",
                "highlight" : [ "sadrzaj" ]
              }, {
                "status" : "info",
                "place" : {
                  "filePath" : "mobileSale.gspec",
                  "lineNumber" : 51
                },
                "name" : "css top is \"0px\"",
                "highlight" : [ "sadrzaj" ]
              }, {
                "status" : "info",
                "place" : {
                  "filePath" : "mobileSale.gspec",
                  "lineNumber" : 52
                },
                "name" : "css margin-left is \"0px\"",
                "highlight" : [ "sadrzaj" ]
              }, {
                "status" : "info",
                "place" : {
                  "filePath" : "mobileSale.gspec",
                  "lineNumber" : 53
                },
                "name" : "css margin-right is \"0px\"",
                "highlight" : [ "sadrzaj" ]
              } ]
            }, {
              "name" : "prazan",
              "specs" : [ {
                "status" : "info",
                "place" : {
                  "filePath" : "mobileSale.gspec",
                  "lineNumber" : 56
                },
                "name" : "inside sadrzaj",
                "meta" : [ ],
                "highlight" : [ "prazan", "sadrzaj" ]
              }, {
                "status" : "info",
                "place" : {
                  "filePath" : "mobileSale.gspec",
                  "lineNumber" : 57
                },
                "name" : "inside sala",
                "meta" : [ ],
                "highlight" : [ "prazan", "sala" ]
              }, {
                "status" : "info",
                "place" : {
                  "filePath" : "mobileSale.gspec",
                  "lineNumber" : 58
                },
                "name" : "aligned vertically centered prazan",
                "highlight" : [ "prazan", "prazan" ]
              }, {
                "status" : "info",
                "place" : {
                  "filePath" : "mobileSale.gspec",
                  "lineNumber" : 59
                },
                "name" : "css background-color is \"rgb(65, 105, 225)\"",
                "highlight" : [ "prazan" ]
              } ]
            }, {
              "name" : "slobodnaSala",
              "specs" : [ {
                "status" : "info",
                "place" : {
                  "filePath" : "mobileSale.gspec",
                  "lineNumber" : 62
                },
                "name" : "css background-color is \"rgb(55, 245, 112)\"",
                "highlight" : [ "slobodnaSala" ]
              }, {
                "status" : "info",
                "place" : {
                  "filePath" : "mobileSale.gspec",
                  "lineNumber" : 63
                },
                "name" : "inside sala",
                "meta" : [ ],
                "highlight" : [ "slobodnaSala", "sala" ]
              }, {
                "status" : "info",
                "place" : {
                  "filePath" : "mobileSale.gspec",
                  "lineNumber" : 64
                },
                "name" : "inside sadrzaj",
                "meta" : [ ],
                "highlight" : [ "slobodnaSala", "sadrzaj" ]
              } ]
            }, {
              "name" : "zauzetaSala",
              "specs" : [ {
                "status" : "info",
                "place" : {
                  "filePath" : "mobileSale.gspec",
                  "lineNumber" : 67
                },
                "name" : "css background-color is \"rgb(245, 79, 79)\"",
                "highlight" : [ "zauzetaSala" ]
              }, {
                "status" : "info",
                "place" : {
                  "filePath" : "mobileSale.gspec",
                  "lineNumber" : 68
                },
                "name" : "inside sala",
                "meta" : [ ],
                "highlight" : [ "zauzetaSala", "sala" ]
              }, {
                "status" : "info",
                "place" : {
                  "filePath" : "mobileSale.gspec",
                  "lineNumber" : 69
                },
                "name" : "inside sadrzaj",
                "meta" : [ ],
                "highlight" : [ "zauzetaSala", "sadrzaj" ]
              } ]
            }, {
              "name" : "kancelarija",
              "specs" : [ {
                "status" : "info",
                "place" : {
                  "filePath" : "mobileSale.gspec",
                  "lineNumber" : 72
                },
                "name" : "css background-color is \"rgb(136, 135, 135)\"",
                "highlight" : [ "kancelarija" ]
              }, {
                "status" : "info",
                "place" : {
                  "filePath" : "mobileSale.gspec",
                  "lineNumber" : 73
                },
                "name" : "inside sala",
                "meta" : [ ],
                "highlight" : [ "kancelarija", "sala" ]
              }, {
                "status" : "info",
                "place" : {
                  "filePath" : "mobileSale.gspec",
                  "lineNumber" : 74
                },
                "name" : "inside sadrzaj",
                "meta" : [ ],
                "highlight" : [ "kancelarija", "sadrzaj" ]
              } ]
            }, {
              "name" : "sala",
              "specs" : [ {
                "status" : "info",
                "place" : {
                  "filePath" : "mobileSale.gspec",
                  "lineNumber" : 77
                },
                "name" : "css background-color is \"rgb(65, 105, 225)\"",
                "highlight" : [ "sala" ]
              }, {
                "status" : "info",
                "place" : {
                  "filePath" : "mobileSale.gspec",
                  "lineNumber" : 78
                },
                "name" : "width 600px",
                "meta" : [ {
                  "from" : {
                    "object" : "sala",
                    "edge" : "left"
                  },
                  "to" : {
                    "object" : "sala",
                    "edge" : "right"
                  },
                  "expectedDistance" : "600px",
                  "realDistance" : "600px"
                } ],
                "highlight" : [ "sala" ]
              }, {
                "status" : "info",
                "place" : {
                  "filePath" : "mobileSale.gspec",
                  "lineNumber" : 79
                },
                "name" : "css margin-left is \"0px\"",
                "highlight" : [ "sala" ]
              }, {
                "status" : "info",
                "place" : {
                  "filePath" : "mobileSale.gspec",
                  "lineNumber" : 80
                },
                "name" : "css margin-right is \"0px\"",
                "highlight" : [ "sala" ]
              }, {
                "status" : "info",
                "place" : {
                  "filePath" : "mobileSale.gspec",
                  "lineNumber" : 81
                },
                "name" : "below meni",
                "meta" : [ {
                  "from" : {
                    "object" : "sala",
                    "edge" : "top"
                  },
                  "to" : {
                    "object" : "meni",
                    "edge" : "bottom"
                  },
                  "expectedDistance" : ">= 0px",
                  "realDistance" : "5px"
                } ],
                "highlight" : [ "sala", "meni" ]
              } ]
            }, {
              "name" : "tabelaSala",
              "specs" : [ {
                "status" : "info",
                "place" : {
                  "filePath" : "mobileSale.gspec",
                  "lineNumber" : 84
                },
                "name" : "css margin-left is \"0px\"",
                "highlight" : [ "tabelaSala" ]
              }, {
                "status" : "info",
                "place" : {
                  "filePath" : "mobileSale.gspec",
                  "lineNumber" : 85
                },
                "name" : "css margin-right is \"0px\"",
                "highlight" : [ "tabelaSala" ]
              }, {
                "status" : "info",
                "place" : {
                  "filePath" : "mobileSale.gspec",
                  "lineNumber" : 86
                },
                "name" : "inside sala",
                "meta" : [ ],
                "highlight" : [ "tabelaSala", "sala" ]
              }, {
                "status" : "info",
                "place" : {
                  "filePath" : "mobileSale.gspec",
                  "lineNumber" : 87
                },
                "name" : "inside sadrzaj",
                "meta" : [ ],
                "highlight" : [ "tabelaSala", "sadrzaj" ]
              } ]
            } ]
          } ],
          "objects" : {
            "meni" : {
              "area" : [ 8, 41, 600, 100 ]
            },
            "meniLista" : {
              "area" : [ 48, 41, 84, 18 ]
            },
            "zauzetaSala" : {
              "area" : [ 476, 236, 131, 40 ]
            },
            "sala" : {
              "area" : [ 8, 146, 600, 484 ]
            },
            "logo" : {
              "area" : [ 296, 16, 90, 50 ]
            },
            "prazan" : {
              "area" : [ 8, 146, 133, 25 ]
            },
            "sadrzaj" : {
              "area" : [ 8, 146, 600, 410 ]
            },
            "kancelarija" : {
              "area" : [ 8, 236, 133, 40 ]
            },
            "slobodnaSala" : {
              "area" : [ 476, 196, 131, 40 ]
            },
            "tabelaSala" : {
              "area" : [ 8, 196, 133, 40 ]
            }
          },
          "screenshot" : "layout-1-screenshot.png",
          "type" : "layout"
        } ],
        "time" : 1573605698649,
        "type" : "node"
      } ],
      "time" : 1573605690787,
      "type" : "node"
    } ]
  }
}