{
    "periodicna":[
        {
            "dan": 6 ,
            "semestar":"zimski",
            "pocetak":"13:00",
            "kraj":"14:30",
            "naziv":"0-01",
            "predavac":"daca"
        },
        {
            "dan":4,
            "semestar":"zimski",
            "pocetak":"15:00",
            "kraj":"16:30",
            "naziv":"1-01",
            "predavac":"daca"
        },
        {
            "dan":0,
            "semestar":"zimski",
            "pocetak":"12:00",
            "kraj":"13:30",
            "naziv":"0-03",
            "predavac":"patak"
        },
        {
            "dan":6,
            "semestar":"ljetni",
            "pocetak":"12:00",
            "kraj":"13:30",
            "naziv":"0-03",
            "predavac":"daca"
        },
        {
            "dan":3,
            "semestar":"ljetni",
            "pocetak":"12:00",
            "kraj":"13:30",
            "naziv":"0-03",
            "predavac":"patak"
        }
    ],
    "vandredna":[
        {
            "datum":"21.11.2019",
            "pocetak":"14:30",
            "kraj":"16:00",
            "naziv":"0-02",
            "predavac":"neko"
        },
        {
            "datum":"25.11.2019",
            "pocetak":"14:30",
            "kraj":"16:00",
            "naziv":"0-02",
            "predavac":"neko"
        },
        {
            "datum":"25.11.2019",
            "pocetak":"17:30",
            "kraj":"19:00",
            "naziv":"0-02",
            "predavac":"neko"
        },
        {
            "datum":"12.12.2019",
            "pocetak":"12:00",
            "kraj":"13:30",
            "naziv":"0-03",
            "predavac":"neko"
        },
        {
            "datum":"11.12.2019",
            "pocetak":"12:00",
            "kraj":"13:30",
            "naziv":"0-03",
            "predavac":"neko"
        },
        {
            "datum":"11.11.2019",
            "pocetak":"12:00",
            "kraj":"13:30",
            "naziv":"0-03",
            "predavac":"neko"
        },
        {
            "datum":"10.11.2019",
            "pocetak":"12:00",
            "kraj":"13:30",
            "naziv":"0-03",
            "predavac":"neko"
        }
    ]
}