{
  "testId" : "1-mobilepocetna.gspec",
  "name" : "mobilepocetna.gspec",
  "report" : {
    "nodes" : [ {
      "name" : "Mutation test",
      "status" : "info",
      "nodes" : [ {
        "name" : "check  mobilepocetna.gspec --url http://localhost/pocetna.html --size 590x768 --offset 5 --htmlreport Pocetna590MRep",
        "status" : "info",
        "nodes" : [ {
          "name" : "Check layout: mobilepocetna.gspec included tags: ",
          "status" : "info",
          "time" : 1573674514282,
          "sections" : [ {
            "name" : "main",
            "place" : {
              "filePath" : "mobilepocetna.gspec",
              "lineNumber" : 13
            },
            "objects" : [ {
              "name" : "body",
              "specs" : [ {
                "status" : "info",
                "place" : {
                  "filePath" : "mobilepocetna.gspec",
                  "lineNumber" : 15
                },
                "name" : "css background-color is \"rgba(0, 0, 0, 0)\"",
                "highlight" : [ "body" ]
              } ]
            }, {
              "name" : "meni",
              "specs" : [ {
                "status" : "info",
                "place" : {
                  "filePath" : "mobilepocetna.gspec",
                  "lineNumber" : 17
                },
                "name" : "inside body 0px top",
                "meta" : [ {
                  "from" : {
                    "object" : "meni",
                    "edge" : "top"
                  },
                  "to" : {
                    "object" : "body",
                    "edge" : "top"
                  },
                  "expectedDistance" : "0px",
                  "realDistance" : "0px"
                } ],
                "highlight" : [ "meni", "body" ]
              }, {
                "status" : "info",
                "place" : {
                  "filePath" : "mobilepocetna.gspec",
                  "lineNumber" : 18
                },
                "name" : "above sadrzaj 20px",
                "meta" : [ {
                  "from" : {
                    "object" : "meni",
                    "edge" : "bottom"
                  },
                  "to" : {
                    "object" : "sadrzaj",
                    "edge" : "top"
                  },
                  "expectedDistance" : "20px",
                  "realDistance" : "20px"
                } ],
                "highlight" : [ "meni", "sadrzaj" ]
              }, {
                "status" : "info",
                "place" : {
                  "filePath" : "mobilepocetna.gspec",
                  "lineNumber" : 19
                },
                "name" : "contains partly logo",
                "highlight" : [ "meni", "logo" ]
              }, {
                "status" : "info",
                "place" : {
                  "filePath" : "mobilepocetna.gspec",
                  "lineNumber" : 20
                },
                "name" : "contains elementLIste-*",
                "highlight" : [ "meni", "elementLIste-1", "elementLIste-2", "elementLIste-3", "elementLIste-4", "elementLIste-5" ]
              }, {
                "status" : "info",
                "place" : {
                  "filePath" : "mobilepocetna.gspec",
                  "lineNumber" : 21
                },
                "name" : "css background-color is \"rgba(100, 149, 237, 1)\"",
                "highlight" : [ "meni" ]
              } ]
            }, {
              "name" : "logo",
              "specs" : [ {
                "status" : "info",
                "place" : {
                  "filePath" : "mobilepocetna.gspec",
                  "lineNumber" : 23
                },
                "name" : "width ~ 70px",
                "meta" : [ {
                  "from" : {
                    "object" : "logo",
                    "edge" : "left"
                  },
                  "to" : {
                    "object" : "logo",
                    "edge" : "right"
                  },
                  "expectedDistance" : "68 to 72px",
                  "realDistance" : "70px"
                } ],
                "highlight" : [ "logo" ]
              }, {
                "status" : "info",
                "place" : {
                  "filePath" : "mobilepocetna.gspec",
                  "lineNumber" : 24
                },
                "name" : "height ~ 50px",
                "meta" : [ {
                  "from" : {
                    "object" : "logo",
                    "edge" : "top"
                  },
                  "to" : {
                    "object" : "logo",
                    "edge" : "bottom"
                  },
                  "expectedDistance" : "48 to 52px",
                  "realDistance" : "50px"
                } ],
                "highlight" : [ "logo" ]
              }, {
                "status" : "info",
                "place" : {
                  "filePath" : "mobilepocetna.gspec",
                  "lineNumber" : 25
                },
                "name" : "inside partly meni",
                "meta" : [ ],
                "highlight" : [ "logo", "meni" ]
              } ]
            }, {
              "name" : "slika",
              "specs" : [ {
                "status" : "info",
                "place" : {
                  "filePath" : "mobilepocetna.gspec",
                  "lineNumber" : 27
                },
                "name" : "width ~ 70px",
                "meta" : [ {
                  "from" : {
                    "object" : "slika",
                    "edge" : "left"
                  },
                  "to" : {
                    "object" : "slika",
                    "edge" : "right"
                  },
                  "expectedDistance" : "68 to 72px",
                  "realDistance" : "70px"
                } ],
                "highlight" : [ "slika" ]
              }, {
                "status" : "info",
                "place" : {
                  "filePath" : "mobilepocetna.gspec",
                  "lineNumber" : 28
                },
                "name" : "height ~ 50px",
                "meta" : [ {
                  "from" : {
                    "object" : "slika",
                    "edge" : "top"
                  },
                  "to" : {
                    "object" : "slika",
                    "edge" : "bottom"
                  },
                  "expectedDistance" : "48 to 52px",
                  "realDistance" : "50px"
                } ],
                "highlight" : [ "slika" ]
              }, {
                "status" : "info",
                "place" : {
                  "filePath" : "mobilepocetna.gspec",
                  "lineNumber" : 29
                },
                "name" : "inside logo",
                "meta" : [ ],
                "highlight" : [ "slika", "logo" ]
              } ]
            }, {
              "name" : "elementLIste-1",
              "specs" : [ {
                "status" : "info",
                "place" : {
                  "filePath" : "mobilepocetna.gspec",
                  "lineNumber" : 32
                },
                "name" : "above elementLIste-2  <6px",
                "meta" : [ {
                  "from" : {
                    "object" : "elementLIste-1",
                    "edge" : "bottom"
                  },
                  "to" : {
                    "object" : "elementLIste-2",
                    "edge" : "top"
                  },
                  "expectedDistance" : "< 6px",
                  "realDistance" : "0px"
                } ],
                "highlight" : [ "elementLIste-1", "elementLIste-2" ]
              }, {
                "status" : "info",
                "place" : {
                  "filePath" : "mobilepocetna.gspec",
                  "lineNumber" : 33
                },
                "name" : "above elementLIste-2  >-4px",
                "meta" : [ {
                  "from" : {
                    "object" : "elementLIste-1",
                    "edge" : "bottom"
                  },
                  "to" : {
                    "object" : "elementLIste-2",
                    "edge" : "top"
                  },
                  "expectedDistance" : "> -4px",
                  "realDistance" : "0px"
                } ],
                "highlight" : [ "elementLIste-1", "elementLIste-2" ]
              }, {
                "status" : "info",
                "place" : {
                  "filePath" : "mobilepocetna.gspec",
                  "lineNumber" : 34
                },
                "name" : "aligned vertically all elementLIste-2",
                "highlight" : [ "elementLIste-1", "elementLIste-2" ]
              } ]
            }, {
              "name" : "elementLIste-2",
              "specs" : [ {
                "status" : "info",
                "place" : {
                  "filePath" : "mobilepocetna.gspec",
                  "lineNumber" : 32
                },
                "name" : "above elementLIste-3  <6px",
                "meta" : [ {
                  "from" : {
                    "object" : "elementLIste-2",
                    "edge" : "bottom"
                  },
                  "to" : {
                    "object" : "elementLIste-3",
                    "edge" : "top"
                  },
                  "expectedDistance" : "< 6px",
                  "realDistance" : "0px"
                } ],
                "highlight" : [ "elementLIste-2", "elementLIste-3" ]
              }, {
                "status" : "info",
                "place" : {
                  "filePath" : "mobilepocetna.gspec",
                  "lineNumber" : 33
                },
                "name" : "above elementLIste-3  >-4px",
                "meta" : [ {
                  "from" : {
                    "object" : "elementLIste-2",
                    "edge" : "bottom"
                  },
                  "to" : {
                    "object" : "elementLIste-3",
                    "edge" : "top"
                  },
                  "expectedDistance" : "> -4px",
                  "realDistance" : "0px"
                } ],
                "highlight" : [ "elementLIste-2", "elementLIste-3" ]
              }, {
                "status" : "info",
                "place" : {
                  "filePath" : "mobilepocetna.gspec",
                  "lineNumber" : 34
                },
                "name" : "aligned vertically all elementLIste-3",
                "highlight" : [ "elementLIste-2", "elementLIste-3" ]
              } ]
            }, {
              "name" : "elementLIste-3",
              "specs" : [ {
                "status" : "info",
                "place" : {
                  "filePath" : "mobilepocetna.gspec",
                  "lineNumber" : 32
                },
                "name" : "above elementLIste-4  <6px",
                "meta" : [ {
                  "from" : {
                    "object" : "elementLIste-3",
                    "edge" : "bottom"
                  },
                  "to" : {
                    "object" : "elementLIste-4",
                    "edge" : "top"
                  },
                  "expectedDistance" : "< 6px",
                  "realDistance" : "1px"
                } ],
                "highlight" : [ "elementLIste-3", "elementLIste-4" ]
              }, {
                "status" : "info",
                "place" : {
                  "filePath" : "mobilepocetna.gspec",
                  "lineNumber" : 33
                },
                "name" : "above elementLIste-4  >-4px",
                "meta" : [ {
                  "from" : {
                    "object" : "elementLIste-3",
                    "edge" : "bottom"
                  },
                  "to" : {
                    "object" : "elementLIste-4",
                    "edge" : "top"
                  },
                  "expectedDistance" : "> -4px",
                  "realDistance" : "1px"
                } ],
                "highlight" : [ "elementLIste-3", "elementLIste-4" ]
              }, {
                "status" : "info",
                "place" : {
                  "filePath" : "mobilepocetna.gspec",
                  "lineNumber" : 34
                },
                "name" : "aligned vertically all elementLIste-4",
                "highlight" : [ "elementLIste-3", "elementLIste-4" ]
              } ]
            }, {
              "name" : "elementLIste-4",
              "specs" : [ {
                "status" : "info",
                "place" : {
                  "filePath" : "mobilepocetna.gspec",
                  "lineNumber" : 32
                },
                "name" : "above elementLIste-5  <6px",
                "meta" : [ {
                  "from" : {
                    "object" : "elementLIste-4",
                    "edge" : "bottom"
                  },
                  "to" : {
                    "object" : "elementLIste-5",
                    "edge" : "top"
                  },
                  "expectedDistance" : "< 6px",
                  "realDistance" : "0px"
                } ],
                "highlight" : [ "elementLIste-4", "elementLIste-5" ]
              }, {
                "status" : "info",
                "place" : {
                  "filePath" : "mobilepocetna.gspec",
                  "lineNumber" : 33
                },
                "name" : "above elementLIste-5  >-4px",
                "meta" : [ {
                  "from" : {
                    "object" : "elementLIste-4",
                    "edge" : "bottom"
                  },
                  "to" : {
                    "object" : "elementLIste-5",
                    "edge" : "top"
                  },
                  "expectedDistance" : "> -4px",
                  "realDistance" : "0px"
                } ],
                "highlight" : [ "elementLIste-4", "elementLIste-5" ]
              }, {
                "status" : "info",
                "place" : {
                  "filePath" : "mobilepocetna.gspec",
                  "lineNumber" : 34
                },
                "name" : "aligned vertically all elementLIste-5",
                "highlight" : [ "elementLIste-4", "elementLIste-5" ]
              } ]
            }, {
              "name" : "sadrzaj",
              "specs" : [ {
                "status" : "info",
                "place" : {
                  "filePath" : "mobilepocetna.gspec",
                  "lineNumber" : 36
                },
                "name" : "inside partly body",
                "meta" : [ ],
                "highlight" : [ "sadrzaj", "body" ]
              }, {
                "status" : "info",
                "place" : {
                  "filePath" : "mobilepocetna.gspec",
                  "lineNumber" : 37
                },
                "name" : "css background-color is \"rgba(100, 149, 237, 1)\"",
                "highlight" : [ "sadrzaj" ]
              }, {
                "status" : "info",
                "place" : {
                  "filePath" : "mobilepocetna.gspec",
                  "lineNumber" : 38
                },
                "name" : "height ~100% of body/height",
                "meta" : [ {
                  "from" : {
                    "object" : "sadrzaj",
                    "edge" : "top"
                  },
                  "to" : {
                    "object" : "sadrzaj",
                    "edge" : "bottom"
                  },
                  "expectedDistance" : "98 to 102% [668 to 695px]",
                  "realDistance" : "101% [693px]"
                } ],
                "highlight" : [ "sadrzaj" ]
              } ]
            }, {
              "name" : "slike-1",
              "specs" : [ {
                "status" : "info",
                "place" : {
                  "filePath" : "mobilepocetna.gspec",
                  "lineNumber" : 43
                },
                "name" : "height ~160px",
                "meta" : [ {
                  "from" : {
                    "object" : "slike-1",
                    "edge" : "top"
                  },
                  "to" : {
                    "object" : "slike-1",
                    "edge" : "bottom"
                  },
                  "expectedDistance" : "158 to 162px",
                  "realDistance" : "160px"
                } ],
                "highlight" : [ "slike-1" ]
              }, {
                "status" : "info",
                "place" : {
                  "filePath" : "mobilepocetna.gspec",
                  "lineNumber" : 44
                },
                "name" : "width ~160px",
                "meta" : [ {
                  "from" : {
                    "object" : "slike-1",
                    "edge" : "left"
                  },
                  "to" : {
                    "object" : "slike-1",
                    "edge" : "right"
                  },
                  "expectedDistance" : "158 to 162px",
                  "realDistance" : "160px"
                } ],
                "highlight" : [ "slike-1" ]
              } ]
            }, {
              "name" : "slike-2",
              "specs" : [ {
                "status" : "info",
                "place" : {
                  "filePath" : "mobilepocetna.gspec",
                  "lineNumber" : 43
                },
                "name" : "height ~160px",
                "meta" : [ {
                  "from" : {
                    "object" : "slike-2",
                    "edge" : "top"
                  },
                  "to" : {
                    "object" : "slike-2",
                    "edge" : "bottom"
                  },
                  "expectedDistance" : "158 to 162px",
                  "realDistance" : "160px"
                } ],
                "highlight" : [ "slike-2" ]
              }, {
                "status" : "info",
                "place" : {
                  "filePath" : "mobilepocetna.gspec",
                  "lineNumber" : 44
                },
                "name" : "width ~160px",
                "meta" : [ {
                  "from" : {
                    "object" : "slike-2",
                    "edge" : "left"
                  },
                  "to" : {
                    "object" : "slike-2",
                    "edge" : "right"
                  },
                  "expectedDistance" : "158 to 162px",
                  "realDistance" : "160px"
                } ],
                "highlight" : [ "slike-2" ]
              } ]
            }, {
              "name" : "slike-3",
              "specs" : [ {
                "status" : "info",
                "place" : {
                  "filePath" : "mobilepocetna.gspec",
                  "lineNumber" : 43
                },
                "name" : "height ~160px",
                "meta" : [ {
                  "from" : {
                    "object" : "slike-3",
                    "edge" : "top"
                  },
                  "to" : {
                    "object" : "slike-3",
                    "edge" : "bottom"
                  },
                  "expectedDistance" : "158 to 162px",
                  "realDistance" : "160px"
                } ],
                "highlight" : [ "slike-3" ]
              }, {
                "status" : "info",
                "place" : {
                  "filePath" : "mobilepocetna.gspec",
                  "lineNumber" : 44
                },
                "name" : "width ~160px",
                "meta" : [ {
                  "from" : {
                    "object" : "slike-3",
                    "edge" : "left"
                  },
                  "to" : {
                    "object" : "slike-3",
                    "edge" : "right"
                  },
                  "expectedDistance" : "158 to 162px",
                  "realDistance" : "160px"
                } ],
                "highlight" : [ "slike-3" ]
              } ]
            }, {
              "name" : "slike-4",
              "specs" : [ {
                "status" : "info",
                "place" : {
                  "filePath" : "mobilepocetna.gspec",
                  "lineNumber" : 43
                },
                "name" : "height ~160px",
                "meta" : [ {
                  "from" : {
                    "object" : "slike-4",
                    "edge" : "top"
                  },
                  "to" : {
                    "object" : "slike-4",
                    "edge" : "bottom"
                  },
                  "expectedDistance" : "158 to 162px",
                  "realDistance" : "160px"
                } ],
                "highlight" : [ "slike-4" ]
              }, {
                "status" : "info",
                "place" : {
                  "filePath" : "mobilepocetna.gspec",
                  "lineNumber" : 44
                },
                "name" : "width ~160px",
                "meta" : [ {
                  "from" : {
                    "object" : "slike-4",
                    "edge" : "left"
                  },
                  "to" : {
                    "object" : "slike-4",
                    "edge" : "right"
                  },
                  "expectedDistance" : "158 to 162px",
                  "realDistance" : "160px"
                } ],
                "highlight" : [ "slike-4" ]
              } ]
            }, {
              "name" : "slike-5",
              "specs" : [ {
                "status" : "info",
                "place" : {
                  "filePath" : "mobilepocetna.gspec",
                  "lineNumber" : 43
                },
                "name" : "height ~160px",
                "meta" : [ {
                  "from" : {
                    "object" : "slike-5",
                    "edge" : "top"
                  },
                  "to" : {
                    "object" : "slike-5",
                    "edge" : "bottom"
                  },
                  "expectedDistance" : "158 to 162px",
                  "realDistance" : "160px"
                } ],
                "highlight" : [ "slike-5" ]
              }, {
                "status" : "info",
                "place" : {
                  "filePath" : "mobilepocetna.gspec",
                  "lineNumber" : 44
                },
                "name" : "width ~160px",
                "meta" : [ {
                  "from" : {
                    "object" : "slike-5",
                    "edge" : "left"
                  },
                  "to" : {
                    "object" : "slike-5",
                    "edge" : "right"
                  },
                  "expectedDistance" : "158 to 162px",
                  "realDistance" : "160px"
                } ],
                "highlight" : [ "slike-5" ]
              } ]
            }, {
              "name" : "slike-6",
              "specs" : [ {
                "status" : "info",
                "place" : {
                  "filePath" : "mobilepocetna.gspec",
                  "lineNumber" : 43
                },
                "name" : "height ~160px",
                "meta" : [ {
                  "from" : {
                    "object" : "slike-6",
                    "edge" : "top"
                  },
                  "to" : {
                    "object" : "slike-6",
                    "edge" : "bottom"
                  },
                  "expectedDistance" : "158 to 162px",
                  "realDistance" : "160px"
                } ],
                "highlight" : [ "slike-6" ]
              }, {
                "status" : "info",
                "place" : {
                  "filePath" : "mobilepocetna.gspec",
                  "lineNumber" : 44
                },
                "name" : "width ~160px",
                "meta" : [ {
                  "from" : {
                    "object" : "slike-6",
                    "edge" : "left"
                  },
                  "to" : {
                    "object" : "slike-6",
                    "edge" : "right"
                  },
                  "expectedDistance" : "158 to 162px",
                  "realDistance" : "160px"
                } ],
                "highlight" : [ "slike-6" ]
              } ]
            }, {
              "name" : "slike-7",
              "specs" : [ {
                "status" : "info",
                "place" : {
                  "filePath" : "mobilepocetna.gspec",
                  "lineNumber" : 43
                },
                "name" : "height ~160px",
                "meta" : [ {
                  "from" : {
                    "object" : "slike-7",
                    "edge" : "top"
                  },
                  "to" : {
                    "object" : "slike-7",
                    "edge" : "bottom"
                  },
                  "expectedDistance" : "158 to 162px",
                  "realDistance" : "160px"
                } ],
                "highlight" : [ "slike-7" ]
              }, {
                "status" : "info",
                "place" : {
                  "filePath" : "mobilepocetna.gspec",
                  "lineNumber" : 44
                },
                "name" : "width ~160px",
                "meta" : [ {
                  "from" : {
                    "object" : "slike-7",
                    "edge" : "left"
                  },
                  "to" : {
                    "object" : "slike-7",
                    "edge" : "right"
                  },
                  "expectedDistance" : "158 to 162px",
                  "realDistance" : "160px"
                } ],
                "highlight" : [ "slike-7" ]
              } ]
            }, {
              "name" : "slike-8",
              "specs" : [ {
                "status" : "info",
                "place" : {
                  "filePath" : "mobilepocetna.gspec",
                  "lineNumber" : 43
                },
                "name" : "height ~160px",
                "meta" : [ {
                  "from" : {
                    "object" : "slike-8",
                    "edge" : "top"
                  },
                  "to" : {
                    "object" : "slike-8",
                    "edge" : "bottom"
                  },
                  "expectedDistance" : "158 to 162px",
                  "realDistance" : "160px"
                } ],
                "highlight" : [ "slike-8" ]
              }, {
                "status" : "info",
                "place" : {
                  "filePath" : "mobilepocetna.gspec",
                  "lineNumber" : 44
                },
                "name" : "width ~160px",
                "meta" : [ {
                  "from" : {
                    "object" : "slike-8",
                    "edge" : "left"
                  },
                  "to" : {
                    "object" : "slike-8",
                    "edge" : "right"
                  },
                  "expectedDistance" : "158 to 162px",
                  "realDistance" : "160px"
                } ],
                "highlight" : [ "slike-8" ]
              } ]
            }, {
              "name" : "slike-9",
              "specs" : [ {
                "status" : "info",
                "place" : {
                  "filePath" : "mobilepocetna.gspec",
                  "lineNumber" : 43
                },
                "name" : "height ~160px",
                "meta" : [ {
                  "from" : {
                    "object" : "slike-9",
                    "edge" : "top"
                  },
                  "to" : {
                    "object" : "slike-9",
                    "edge" : "bottom"
                  },
                  "expectedDistance" : "158 to 162px",
                  "realDistance" : "160px"
                } ],
                "highlight" : [ "slike-9" ]
              }, {
                "status" : "info",
                "place" : {
                  "filePath" : "mobilepocetna.gspec",
                  "lineNumber" : 44
                },
                "name" : "width ~160px",
                "meta" : [ {
                  "from" : {
                    "object" : "slike-9",
                    "edge" : "left"
                  },
                  "to" : {
                    "object" : "slike-9",
                    "edge" : "right"
                  },
                  "expectedDistance" : "158 to 162px",
                  "realDistance" : "160px"
                } ],
                "highlight" : [ "slike-9" ]
              } ]
            }, {
              "name" : "f",
              "specs" : [ {
                "status" : "info",
                "place" : {
                  "filePath" : "mobilepocetna.gspec",
                  "lineNumber" : 46
                },
                "name" : "css background-color is \"rgba(100, 149, 237, 1)\"",
                "highlight" : [ "f" ]
              }, {
                "status" : "info",
                "place" : {
                  "filePath" : "mobilepocetna.gspec",
                  "lineNumber" : 47
                },
                "name" : "width ~ 98% of screen/width",
                "meta" : [ {
                  "from" : {
                    "object" : "f",
                    "edge" : "left"
                  },
                  "to" : {
                    "object" : "f",
                    "edge" : "right"
                  },
                  "expectedDistance" : "96 to 100% [536 to 559px]",
                  "realDistance" : "97% [543px]"
                } ],
                "highlight" : [ "f" ]
              } ]
            } ]
          } ],
          "objects" : {
            "meni" : {
              "area" : [ 8, 30, 543, 142 ]
            },
            "slike-4" : {
              "area" : [ 199, 722, 160, 160 ]
            },
            "slika" : {
              "area" : [ 244, 5, 70, 50 ]
            },
            "slike-3" : {
              "area" : [ 199, 547, 160, 160 ]
            },
            "slike-6" : {
              "area" : [ 199, 1072, 160, 160 ]
            },
            "slike-5" : {
              "area" : [ 199, 897, 160, 160 ]
            },
            "slike-8" : {
              "area" : [ 199, 1422, 160, 160 ]
            },
            "slike-7" : {
              "area" : [ 199, 1247, 160, 160 ]
            },
            "f" : {
              "area" : [ 8, 885, 543, 682 ]
            },
            "slike-9" : {
              "area" : [ 199, 1597, 160, 160 ]
            },
            "body" : {
              "area" : [ 8, 30, 543, 682 ]
            },
            "elementLIste-3" : {
              "area" : [ 48, 116, 503, 18 ]
            },
            "elementLIste-2" : {
              "area" : [ 48, 98, 503, 18 ]
            },
            "sadrzaj" : {
              "area" : [ 8, 192, 543, 693 ]
            },
            "elementLIste-5" : {
              "area" : [ 48, 153, 503, 18 ]
            },
            "elementLIste-4" : {
              "area" : [ 48, 135, 503, 18 ]
            },
            "elementLIste-1" : {
              "area" : [ 48, 80, 503, 18 ]
            },
            "logo" : {
              "area" : [ 244, 5, 70, 50 ]
            },
            "slike-2" : {
              "area" : [ 199, 372, 160, 160 ]
            },
            "slike-1" : {
              "area" : [ 199, 197, 160, 160 ]
            }
          },
          "screenshot" : "layout-1-screenshot.png",
          "type" : "layout"
        }, {
          "name" : "Mutation testing: mobilepocetna.gspec included tags: ",
          "status" : "info",
          "time" : 1573674514282,
          "mutationReport" : {
            "objectMutationStatistics" : {
              "meni" : {
                "passed" : 10,
                "failed" : 0,
                "failedMutations" : [ ]
              },
              "slike-4" : {
                "passed" : 10,
                "failed" : 0,
                "failedMutations" : [ ]
              },
              "slika" : {
                "passed" : 10,
                "failed" : 0,
                "failedMutations" : [ ]
              },
              "slike-3" : {
                "passed" : 10,
                "failed" : 0,
                "failedMutations" : [ ]
              },
              "slike-6" : {
                "passed" : 10,
                "failed" : 0,
                "failedMutations" : [ ]
              },
              "slike-5" : {
                "passed" : 10,
                "failed" : 0,
                "failedMutations" : [ ]
              },
              "slike-8" : {
                "passed" : 10,
                "failed" : 0,
                "failedMutations" : [ ]
              },
              "slike-7" : {
                "passed" : 10,
                "failed" : 0,
                "failedMutations" : [ ]
              },
              "f" : {
                "passed" : 10,
                "failed" : 0,
                "failedMutations" : [ ]
              },
              "slike-9" : {
                "passed" : 10,
                "failed" : 0,
                "failedMutations" : [ ]
              },
              "screen" : {
                "passed" : 10,
                "failed" : 0,
                "failedMutations" : [ ]
              },
              "body" : {
                "passed" : 10,
                "failed" : 0,
                "failedMutations" : [ ]
              },
              "elementLIste-3" : {
                "passed" : 10,
                "failed" : 0,
                "failedMutations" : [ ]
              },
              "elementLIste-2" : {
                "passed" : 10,
                "failed" : 0,
                "failedMutations" : [ ]
              },
              "sadrzaj" : {
                "passed" : 10,
                "failed" : 0,
                "failedMutations" : [ ]
              },
              "elementLIste-5" : {
                "passed" : 10,
                "failed" : 0,
                "failedMutations" : [ ]
              },
              "elementLIste-4" : {
                "passed" : 10,
                "failed" : 0,
                "failedMutations" : [ ]
              },
              "elementLIste-1" : {
                "passed" : 10,
                "failed" : 0,
                "failedMutations" : [ ]
              },
              "logo" : {
                "passed" : 10,
                "failed" : 0,
                "failedMutations" : [ ]
              },
              "slike-2" : {
                "passed" : 10,
                "failed" : 0,
                "failedMutations" : [ ]
              },
              "slike-1" : {
                "passed" : 10,
                "failed" : 0,
                "failedMutations" : [ ]
              }
            },
            "totalPassed" : 210,
            "totalFailed" : 0,
            "totalMutations" : 210,
            "failedRatio" : 0.0
          },
          "type" : "mutation"
        } ],
        "time" : 1573674510177,
        "type" : "node"
      } ],
      "time" : 1573674505836,
      "type" : "node"
    } ]
  }
}