{
  "testId" : "1-testovi-rezervacija.gspec",
  "name" : "testovi/rezervacija.gspec",
  "report" : {
    "nodes" : [ {
      "name" : "Mutation test",
      "status" : "info",
      "nodes" : [ {
        "name" : "check  testovi/rezervacija.gspec --url http://localhost/rezervacija.html --offset 5 --size 1024x768 --htmlreport izvjestaji/Rezervacija",
        "status" : "info",
        "nodes" : [ {
          "name" : "Check layout: testovi/rezervacija.gspec included tags: ",
          "status" : "info",
          "time" : 1573605740889,
          "sections" : [ {
            "name" : "Logo section",
            "place" : {
              "filePath" : "testovi/rezervacija.gspec",
              "lineNumber" : 14
            },
            "objects" : [ {
              "name" : "logo",
              "specs" : [ {
                "status" : "info",
                "place" : {
                  "filePath" : "testovi/rezervacija.gspec",
                  "lineNumber" : 16
                },
                "name" : "inside partly meni 56px bottom",
                "meta" : [ {
                  "from" : {
                    "object" : "logo",
                    "edge" : "bottom"
                  },
                  "to" : {
                    "object" : "meni",
                    "edge" : "bottom"
                  },
                  "expectedDistance" : "56px",
                  "realDistance" : "56px"
                } ],
                "highlight" : [ "logo", "meni" ]
              }, {
                "status" : "info",
                "place" : {
                  "filePath" : "testovi/rezervacija.gspec",
                  "lineNumber" : 17
                },
                "name" : "width  80px",
                "meta" : [ {
                  "from" : {
                    "object" : "logo",
                    "edge" : "left"
                  },
                  "to" : {
                    "object" : "logo",
                    "edge" : "right"
                  },
                  "expectedDistance" : "80px",
                  "realDistance" : "80px"
                } ],
                "highlight" : [ "logo" ]
              }, {
                "status" : "info",
                "place" : {
                  "filePath" : "testovi/rezervacija.gspec",
                  "lineNumber" : 18
                },
                "name" : "height 80px",
                "meta" : [ {
                  "from" : {
                    "object" : "logo",
                    "edge" : "top"
                  },
                  "to" : {
                    "object" : "logo",
                    "edge" : "bottom"
                  },
                  "expectedDistance" : "80px",
                  "realDistance" : "80px"
                } ],
                "highlight" : [ "logo" ]
              }, {
                "status" : "info",
                "place" : {
                  "filePath" : "testovi/rezervacija.gspec",
                  "lineNumber" : 19
                },
                "name" : "centered horizontally inside meni",
                "highlight" : [ "logo", "meni" ]
              } ]
            } ]
          }, {
            "name" : "Meni section",
            "place" : {
              "filePath" : "testovi/rezervacija.gspec",
              "lineNumber" : 21
            },
            "objects" : [ {
              "name" : "meni",
              "specs" : [ {
                "status" : "info",
                "place" : {
                  "filePath" : "testovi/rezervacija.gspec",
                  "lineNumber" : 23
                },
                "name" : "above sadrzaj 5 to 25px",
                "meta" : [ {
                  "from" : {
                    "object" : "meni",
                    "edge" : "bottom"
                  },
                  "to" : {
                    "object" : "sadrzaj",
                    "edge" : "top"
                  },
                  "expectedDistance" : "5 to 25px",
                  "realDistance" : "20px"
                } ],
                "highlight" : [ "meni", "sadrzaj" ]
              }, {
                "status" : "info",
                "place" : {
                  "filePath" : "testovi/rezervacija.gspec",
                  "lineNumber" : 24
                },
                "name" : "height 98px",
                "meta" : [ {
                  "from" : {
                    "object" : "meni",
                    "edge" : "top"
                  },
                  "to" : {
                    "object" : "meni",
                    "edge" : "bottom"
                  },
                  "expectedDistance" : "98px",
                  "realDistance" : "98px"
                } ],
                "highlight" : [ "meni" ]
              } ]
            } ]
          }, {
            "name" : "Ul section",
            "place" : {
              "filePath" : "testovi/rezervacija.gspec",
              "lineNumber" : 26
            },
            "objects" : [ {
              "name" : "ul",
              "specs" : [ {
                "status" : "info",
                "place" : {
                  "filePath" : "testovi/rezervacija.gspec",
                  "lineNumber" : 28
                },
                "name" : "inside meni 50 to 80px top, 1 to 5px bottom",
                "meta" : [ {
                  "from" : {
                    "object" : "ul",
                    "edge" : "top"
                  },
                  "to" : {
                    "object" : "meni",
                    "edge" : "top"
                  },
                  "expectedDistance" : "50 to 80px",
                  "realDistance" : "62px"
                }, {
                  "from" : {
                    "object" : "ul",
                    "edge" : "bottom"
                  },
                  "to" : {
                    "object" : "meni",
                    "edge" : "bottom"
                  },
                  "expectedDistance" : "1 to 5px",
                  "realDistance" : "3px"
                } ],
                "highlight" : [ "ul", "meni" ]
              }, {
                "status" : "info",
                "place" : {
                  "filePath" : "testovi/rezervacija.gspec",
                  "lineNumber" : 29
                },
                "name" : "width 90 to 100% of meni/width",
                "meta" : [ {
                  "from" : {
                    "object" : "ul",
                    "edge" : "left"
                  },
                  "to" : {
                    "object" : "ul",
                    "edge" : "right"
                  },
                  "expectedDistance" : "90 to 100% [882 to 980px]",
                  "realDistance" : "99% [975px]"
                } ],
                "highlight" : [ "ul" ]
              }, {
                "status" : "info",
                "place" : {
                  "filePath" : "testovi/rezervacija.gspec",
                  "lineNumber" : 30
                },
                "name" : "centered horizontally inside meni",
                "highlight" : [ "ul", "meni" ]
              }, {
                "status" : "info",
                "place" : {
                  "filePath" : "testovi/rezervacija.gspec",
                  "lineNumber" : 31
                },
                "name" : "height 33px",
                "meta" : [ {
                  "from" : {
                    "object" : "ul",
                    "edge" : "top"
                  },
                  "to" : {
                    "object" : "ul",
                    "edge" : "bottom"
                  },
                  "expectedDistance" : "33px",
                  "realDistance" : "33px"
                } ],
                "highlight" : [ "ul" ]
              } ]
            } ]
          }, {
            "name" : "Li section",
            "place" : {
              "filePath" : "testovi/rezervacija.gspec",
              "lineNumber" : 33
            },
            "objects" : [ {
              "name" : "li",
              "specs" : [ {
                "status" : "info",
                "place" : {
                  "filePath" : "testovi/rezervacija.gspec",
                  "lineNumber" : 35
                },
                "name" : "inside meni",
                "meta" : [ ],
                "highlight" : [ "li", "meni" ]
              }, {
                "status" : "info",
                "place" : {
                  "filePath" : "testovi/rezervacija.gspec",
                  "lineNumber" : 36
                },
                "name" : "aligned horizontally all li",
                "highlight" : [ "li", "li" ]
              }, {
                "status" : "info",
                "place" : {
                  "filePath" : "testovi/rezervacija.gspec",
                  "lineNumber" : 37
                },
                "name" : "height 17px",
                "meta" : [ {
                  "from" : {
                    "object" : "li",
                    "edge" : "top"
                  },
                  "to" : {
                    "object" : "li",
                    "edge" : "bottom"
                  },
                  "expectedDistance" : "17px",
                  "realDistance" : "17px"
                } ],
                "highlight" : [ "li" ]
              }, {
                "status" : "info",
                "place" : {
                  "filePath" : "testovi/rezervacija.gspec",
                  "lineNumber" : 38
                },
                "name" : "inside ul 10px top, 6px bottom",
                "meta" : [ {
                  "from" : {
                    "object" : "li",
                    "edge" : "top"
                  },
                  "to" : {
                    "object" : "ul",
                    "edge" : "top"
                  },
                  "expectedDistance" : "10px",
                  "realDistance" : "10px"
                }, {
                  "from" : {
                    "object" : "li",
                    "edge" : "bottom"
                  },
                  "to" : {
                    "object" : "ul",
                    "edge" : "bottom"
                  },
                  "expectedDistance" : "6px",
                  "realDistance" : "6px"
                } ],
                "highlight" : [ "li", "ul" ]
              } ]
            } ]
          }, {
            "name" : "Sadrzaj section",
            "place" : {
              "filePath" : "testovi/rezervacija.gspec",
              "lineNumber" : 41
            },
            "objects" : [ {
              "name" : "sadrzaj",
              "specs" : [ {
                "status" : "info",
                "place" : {
                  "filePath" : "testovi/rezervacija.gspec",
                  "lineNumber" : 43
                },
                "name" : "centered horizontally inside viewport",
                "highlight" : [ "sadrzaj", "viewport" ]
              }, {
                "status" : "info",
                "place" : {
                  "filePath" : "testovi/rezervacija.gspec",
                  "lineNumber" : 44
                },
                "name" : "width 95 to 99% of viewport/width",
                "meta" : [ {
                  "from" : {
                    "object" : "sadrzaj",
                    "edge" : "left"
                  },
                  "to" : {
                    "object" : "sadrzaj",
                    "edge" : "right"
                  },
                  "expectedDistance" : "95 to 99% [946 to 986px]",
                  "realDistance" : "98% [980px]"
                } ],
                "highlight" : [ "sadrzaj" ]
              }, {
                "status" : "info",
                "place" : {
                  "filePath" : "testovi/rezervacija.gspec",
                  "lineNumber" : 45
                },
                "name" : "below meni 20px",
                "meta" : [ {
                  "from" : {
                    "object" : "sadrzaj",
                    "edge" : "top"
                  },
                  "to" : {
                    "object" : "meni",
                    "edge" : "bottom"
                  },
                  "expectedDistance" : "20px",
                  "realDistance" : "20px"
                } ],
                "highlight" : [ "sadrzaj", "meni" ]
              } ]
            } ]
          }, {
            "name" : "Form section",
            "place" : {
              "filePath" : "testovi/rezervacija.gspec",
              "lineNumber" : 47
            },
            "objects" : [ {
              "name" : "form",
              "specs" : [ {
                "status" : "info",
                "place" : {
                  "filePath" : "testovi/rezervacija.gspec",
                  "lineNumber" : 49
                },
                "name" : "inside sadrzaj 12px top, 3px bottom",
                "meta" : [ {
                  "from" : {
                    "object" : "form",
                    "edge" : "top"
                  },
                  "to" : {
                    "object" : "sadrzaj",
                    "edge" : "top"
                  },
                  "expectedDistance" : "12px",
                  "realDistance" : "12px"
                }, {
                  "from" : {
                    "object" : "form",
                    "edge" : "bottom"
                  },
                  "to" : {
                    "object" : "sadrzaj",
                    "edge" : "bottom"
                  },
                  "expectedDistance" : "3px",
                  "realDistance" : "3px"
                } ],
                "highlight" : [ "form", "sadrzaj" ]
              }, {
                "status" : "info",
                "place" : {
                  "filePath" : "testovi/rezervacija.gspec",
                  "lineNumber" : 50
                },
                "name" : "centered horizontally inside sadrzaj",
                "highlight" : [ "form", "sadrzaj" ]
              } ]
            } ]
          }, {
            "name" : "Label section",
            "place" : {
              "filePath" : "testovi/rezervacija.gspec",
              "lineNumber" : 52
            },
            "objects" : [ {
              "name" : "label",
              "specs" : [ {
                "status" : "info",
                "place" : {
                  "filePath" : "testovi/rezervacija.gspec",
                  "lineNumber" : 54
                },
                "name" : "inside form 0px left top",
                "meta" : [ {
                  "from" : {
                    "object" : "label",
                    "edge" : "left"
                  },
                  "to" : {
                    "object" : "form",
                    "edge" : "left"
                  },
                  "expectedDistance" : "0px",
                  "realDistance" : "0px"
                }, {
                  "from" : {
                    "object" : "label",
                    "edge" : "top"
                  },
                  "to" : {
                    "object" : "form",
                    "edge" : "top"
                  },
                  "expectedDistance" : "0px",
                  "realDistance" : "0px"
                } ],
                "highlight" : [ "label", "form" ]
              }, {
                "status" : "info",
                "place" : {
                  "filePath" : "testovi/rezervacija.gspec",
                  "lineNumber" : 55
                },
                "name" : "height 28px",
                "meta" : [ {
                  "from" : {
                    "object" : "label",
                    "edge" : "top"
                  },
                  "to" : {
                    "object" : "label",
                    "edge" : "bottom"
                  },
                  "expectedDistance" : "28px",
                  "realDistance" : "28px"
                } ],
                "highlight" : [ "label" ]
              }, {
                "status" : "info",
                "place" : {
                  "filePath" : "testovi/rezervacija.gspec",
                  "lineNumber" : 56
                },
                "name" : "width 290px",
                "meta" : [ {
                  "from" : {
                    "object" : "label",
                    "edge" : "left"
                  },
                  "to" : {
                    "object" : "label",
                    "edge" : "right"
                  },
                  "expectedDistance" : "290px",
                  "realDistance" : "290px"
                } ],
                "highlight" : [ "label" ]
              }, {
                "status" : "info",
                "place" : {
                  "filePath" : "testovi/rezervacija.gspec",
                  "lineNumber" : 57
                },
                "name" : "aligned vertically all label",
                "highlight" : [ "label", "label" ]
              } ]
            } ]
          }, {
            "name" : "Input section",
            "place" : {
              "filePath" : "testovi/rezervacija.gspec",
              "lineNumber" : 59
            },
            "objects" : [ {
              "name" : "input",
              "specs" : [ {
                "status" : "info",
                "place" : {
                  "filePath" : "testovi/rezervacija.gspec",
                  "lineNumber" : 61
                },
                "name" : "inside form 38px top, 307px left",
                "meta" : [ {
                  "from" : {
                    "object" : "input",
                    "edge" : "top"
                  },
                  "to" : {
                    "object" : "form",
                    "edge" : "top"
                  },
                  "expectedDistance" : "38px",
                  "realDistance" : "38px"
                }, {
                  "from" : {
                    "object" : "input",
                    "edge" : "left"
                  },
                  "to" : {
                    "object" : "form",
                    "edge" : "left"
                  },
                  "expectedDistance" : "307px",
                  "realDistance" : "307px"
                } ],
                "highlight" : [ "input", "form" ]
              }, {
                "status" : "info",
                "place" : {
                  "filePath" : "testovi/rezervacija.gspec",
                  "lineNumber" : 62
                },
                "name" : "height 19px",
                "meta" : [ {
                  "from" : {
                    "object" : "input",
                    "edge" : "top"
                  },
                  "to" : {
                    "object" : "input",
                    "edge" : "bottom"
                  },
                  "expectedDistance" : "19px",
                  "realDistance" : "19px"
                } ],
                "highlight" : [ "input" ]
              }, {
                "status" : "info",
                "place" : {
                  "filePath" : "testovi/rezervacija.gspec",
                  "lineNumber" : 63
                },
                "name" : "right-of label 17px",
                "meta" : [ {
                  "from" : {
                    "object" : "input",
                    "edge" : "left"
                  },
                  "to" : {
                    "object" : "label",
                    "edge" : "right"
                  },
                  "expectedDistance" : "17px",
                  "realDistance" : "17px"
                } ],
                "highlight" : [ "input", "label" ]
              }, {
                "status" : "info",
                "place" : {
                  "filePath" : "testovi/rezervacija.gspec",
                  "lineNumber" : 64
                },
                "name" : "aligned vertically all input",
                "highlight" : [ "input", "input" ]
              } ]
            } ]
          }, {
            "name" : "Prava_tabela section",
            "place" : {
              "filePath" : "testovi/rezervacija.gspec",
              "lineNumber" : 66
            },
            "objects" : [ {
              "name" : "prava_tabela",
              "specs" : [ {
                "status" : "info",
                "place" : {
                  "filePath" : "testovi/rezervacija.gspec",
                  "lineNumber" : 68
                },
                "name" : "inside sadrzaj 156px top",
                "meta" : [ {
                  "from" : {
                    "object" : "prava_tabela",
                    "edge" : "top"
                  },
                  "to" : {
                    "object" : "sadrzaj",
                    "edge" : "top"
                  },
                  "expectedDistance" : "156px",
                  "realDistance" : "156px"
                } ],
                "highlight" : [ "prava_tabela", "sadrzaj" ]
              }, {
                "status" : "info",
                "place" : {
                  "filePath" : "testovi/rezervacija.gspec",
                  "lineNumber" : 69
                },
                "name" : "centered horizontally inside form",
                "highlight" : [ "prava_tabela", "form" ]
              }, {
                "status" : "info",
                "place" : {
                  "filePath" : "testovi/rezervacija.gspec",
                  "lineNumber" : 70
                },
                "name" : "width 59% of sadrzaj/width",
                "meta" : [ {
                  "from" : {
                    "object" : "prava_tabela",
                    "edge" : "left"
                  },
                  "to" : {
                    "object" : "prava_tabela",
                    "edge" : "right"
                  },
                  "expectedDistance" : "59% [578px]",
                  "realDistance" : "59% [585px]"
                } ],
                "highlight" : [ "prava_tabela" ]
              } ]
            } ]
          }, {
            "name" : "Dugmad section",
            "place" : {
              "filePath" : "testovi/rezervacija.gspec",
              "lineNumber" : 72
            },
            "objects" : [ {
              "name" : "dugmad",
              "specs" : [ {
                "status" : "info",
                "place" : {
                  "filePath" : "testovi/rezervacija.gspec",
                  "lineNumber" : 74
                },
                "name" : "inside form",
                "meta" : [ ],
                "highlight" : [ "dugmad", "form" ]
              }, {
                "status" : "info",
                "place" : {
                  "filePath" : "testovi/rezervacija.gspec",
                  "lineNumber" : 75
                },
                "name" : "below prava_tabela 1px",
                "meta" : [ {
                  "from" : {
                    "object" : "dugmad",
                    "edge" : "top"
                  },
                  "to" : {
                    "object" : "prava_tabela",
                    "edge" : "bottom"
                  },
                  "expectedDistance" : "1px",
                  "realDistance" : "1px"
                } ],
                "highlight" : [ "dugmad", "prava_tabela" ]
              }, {
                "status" : "info",
                "place" : {
                  "filePath" : "testovi/rezervacija.gspec",
                  "lineNumber" : 76
                },
                "name" : "centered horizontally inside form",
                "highlight" : [ "dugmad", "form" ]
              } ]
            } ]
          } ],
          "objects" : {
            "meni" : {
              "area" : [ 8, 50, 980, 98 ]
            },
            "input" : {
              "area" : [ 317, 218, 19, 19 ]
            },
            "prava_tabela" : {
              "area" : [ 205, 324, 585, 335 ]
            },
            "form" : {
              "area" : [ 10, 180, 975, 516 ]
            },
            "viewport" : {
              "area" : [ 0, 0, 996, 688 ]
            },
            "ul" : {
              "area" : [ 10, 112, 975, 33 ]
            },
            "logo" : {
              "area" : [ 458, 12, 80, 80 ]
            },
            "label" : {
              "area" : [ 10, 180, 290, 28 ]
            },
            "li" : {
              "area" : [ 34, 122, 96, 17 ]
            },
            "sadrzaj" : {
              "area" : [ 8, 168, 980, 531 ]
            },
            "dugmad" : {
              "area" : [ 205, 660, 585, 36 ]
            }
          },
          "screenshot" : "layout-1-screenshot.png",
          "type" : "layout"
        }, {
          "name" : "Mutation testing: testovi/rezervacija.gspec included tags: ",
          "status" : "error",
          "time" : 1573605740889,
          "mutationReport" : {
            "objectMutationStatistics" : {
              "meni" : {
                "passed" : 10,
                "failed" : 0,
                "failedMutations" : [ ]
              },
              "input" : {
                "passed" : 8,
                "failed" : 2,
                "failedMutations" : [ "input: increase width by 5px", "input: decrease width by 5px" ]
              },
              "prava_tabela" : {
                "passed" : 10,
                "failed" : 0,
                "failedMutations" : [ ]
              },
              "form" : {
                "passed" : 10,
                "failed" : 0,
                "failedMutations" : [ ]
              },
              "ul" : {
                "passed" : 10,
                "failed" : 0,
                "failedMutations" : [ ]
              },
              "logo" : {
                "passed" : 10,
                "failed" : 0,
                "failedMutations" : [ ]
              },
              "label" : {
                "passed" : 10,
                "failed" : 0,
                "failedMutations" : [ ]
              },
              "li" : {
                "passed" : 5,
                "failed" : 5,
                "failedMutations" : [ "li: drag left by 5px", "li: drag right by 5px", "li: increase width by 5px", "li: decrease width by 5px", "li: move left edge right by 5px" ]
              },
              "sadrzaj" : {
                "passed" : 10,
                "failed" : 0,
                "failedMutations" : [ ]
              },
              "dugmad" : {
                "passed" : 9,
                "failed" : 1,
                "failedMutations" : [ "dugmad: decrease height by 5px" ]
              }
            },
            "totalPassed" : 92,
            "totalFailed" : 8,
            "failedRatio" : 8.0,
            "totalMutations" : 100
          },
          "type" : "mutation"
        } ],
        "time" : 1573605736570,
        "type" : "node"
      } ],
      "time" : 1573605732481,
      "type" : "node"
    } ]
  }
}