{
  "periodicna": [
    {
      "dan": "1",
      "semestar": "zimski",
      "pocetak": "12:00",
      "kraj": "15:00",
      "naziv": "VA1",
      "predavac": "Željko Jurić"
    },
    {
      "dan": "2",
      "semestar": "ljetni",
      "pocetak": "09:00",
      "kraj": "12:00",
      "naziv": "VA2",
      "predavac": "Novica Nosović"
    },
    {
      "dan": "4",
      "semestar": "zimski",
      "pocetak": "12:00",
      "kraj": "15:00",
      "naziv": "1-08",
      "predavac": "Enil Pajić"
    }
  ],
  "vanredna": [
    {
      "datum": "16.12.2019",
      "pocetak": "15:00",
      "kraj": "18:00",
      "naziv": "0-01",
      "predavac": "Samir Ribić"
    },
    {
      "datum": "26.11.2019",
      "pocetak": "14:00",
      "kraj": "15:30",
      "naziv": "1-03",
      "predavac": "Emir Cogo"
    },
    {
      "datum": "20.11.2019",
      "pocetak": "10:00",
      "kraj": "13:00",
      "naziv": "MA",
      "predavac": "Dženana Đonko"
    },
    {
      "datum": "17.05.2019",
      "pocetak": "14:00",
      "kraj": "15:30",
      "naziv": "EE1",
      "predavac": "Selma Hanjalić"
    }
  ]
}
