{
  "testId" : "1-testovi-pocetna.gspec",
  "name" : "testovi/pocetna.gspec",
  "report" : {
    "nodes" : [ {
      "name" : "Mutation test",
      "status" : "info",
      "nodes" : [ {
        "name" : "check  testovi/pocetna.gspec --url http://localhost/pocetna.html --offset 5 --size 1024x768 --htmlreport izvjestaji/Pocetna",
        "status" : "info",
        "nodes" : [ {
          "name" : "Check layout: testovi/pocetna.gspec included tags: ",
          "status" : "info",
          "time" : 1573602168915,
          "sections" : [ {
            "name" : "Logo section",
            "place" : {
              "filePath" : "testovi/pocetna.gspec",
              "lineNumber" : 10
            },
            "objects" : [ {
              "name" : "logo",
              "specs" : [ {
                "status" : "info",
                "place" : {
                  "filePath" : "testovi/pocetna.gspec",
                  "lineNumber" : 12
                },
                "name" : "inside partly meni 56px bottom",
                "meta" : [ {
                  "from" : {
                    "object" : "logo",
                    "edge" : "bottom"
                  },
                  "to" : {
                    "object" : "meni",
                    "edge" : "bottom"
                  },
                  "expectedDistance" : "56px",
                  "realDistance" : "56px"
                } ],
                "highlight" : [ "logo", "meni" ]
              }, {
                "status" : "info",
                "place" : {
                  "filePath" : "testovi/pocetna.gspec",
                  "lineNumber" : 13
                },
                "name" : "width  80px",
                "meta" : [ {
                  "from" : {
                    "object" : "logo",
                    "edge" : "left"
                  },
                  "to" : {
                    "object" : "logo",
                    "edge" : "right"
                  },
                  "expectedDistance" : "80px",
                  "realDistance" : "80px"
                } ],
                "highlight" : [ "logo" ]
              }, {
                "status" : "info",
                "place" : {
                  "filePath" : "testovi/pocetna.gspec",
                  "lineNumber" : 14
                },
                "name" : "height 80px",
                "meta" : [ {
                  "from" : {
                    "object" : "logo",
                    "edge" : "top"
                  },
                  "to" : {
                    "object" : "logo",
                    "edge" : "bottom"
                  },
                  "expectedDistance" : "80px",
                  "realDistance" : "80px"
                } ],
                "highlight" : [ "logo" ]
              }, {
                "status" : "info",
                "place" : {
                  "filePath" : "testovi/pocetna.gspec",
                  "lineNumber" : 15
                },
                "name" : "centered horizontally inside meni",
                "highlight" : [ "logo", "meni" ]
              } ]
            } ]
          }, {
            "name" : "Meni section",
            "place" : {
              "filePath" : "testovi/pocetna.gspec",
              "lineNumber" : 17
            },
            "objects" : [ {
              "name" : "meni",
              "specs" : [ {
                "status" : "info",
                "place" : {
                  "filePath" : "testovi/pocetna.gspec",
                  "lineNumber" : 19
                },
                "name" : "above sadrzaj 5 to 25px",
                "meta" : [ {
                  "from" : {
                    "object" : "meni",
                    "edge" : "bottom"
                  },
                  "to" : {
                    "object" : "sadrzaj",
                    "edge" : "top"
                  },
                  "expectedDistance" : "5 to 25px",
                  "realDistance" : "20px"
                } ],
                "highlight" : [ "meni", "sadrzaj" ]
              }, {
                "status" : "info",
                "place" : {
                  "filePath" : "testovi/pocetna.gspec",
                  "lineNumber" : 20
                },
                "name" : "height 98px",
                "meta" : [ {
                  "from" : {
                    "object" : "meni",
                    "edge" : "top"
                  },
                  "to" : {
                    "object" : "meni",
                    "edge" : "bottom"
                  },
                  "expectedDistance" : "98px",
                  "realDistance" : "98px"
                } ],
                "highlight" : [ "meni" ]
              } ]
            } ]
          }, {
            "name" : "Ul section",
            "place" : {
              "filePath" : "testovi/pocetna.gspec",
              "lineNumber" : 22
            },
            "objects" : [ {
              "name" : "ul",
              "specs" : [ {
                "status" : "info",
                "place" : {
                  "filePath" : "testovi/pocetna.gspec",
                  "lineNumber" : 24
                },
                "name" : "inside meni 50 to 80px top, 1 to 5px bottom",
                "meta" : [ {
                  "from" : {
                    "object" : "ul",
                    "edge" : "top"
                  },
                  "to" : {
                    "object" : "meni",
                    "edge" : "top"
                  },
                  "expectedDistance" : "50 to 80px",
                  "realDistance" : "62px"
                }, {
                  "from" : {
                    "object" : "ul",
                    "edge" : "bottom"
                  },
                  "to" : {
                    "object" : "meni",
                    "edge" : "bottom"
                  },
                  "expectedDistance" : "1 to 5px",
                  "realDistance" : "3px"
                } ],
                "highlight" : [ "ul", "meni" ]
              }, {
                "status" : "info",
                "place" : {
                  "filePath" : "testovi/pocetna.gspec",
                  "lineNumber" : 25
                },
                "name" : "width 90 to 100% of meni/width",
                "meta" : [ {
                  "from" : {
                    "object" : "ul",
                    "edge" : "left"
                  },
                  "to" : {
                    "object" : "ul",
                    "edge" : "right"
                  },
                  "expectedDistance" : "90 to 100% [882 to 980px]",
                  "realDistance" : "99% [975px]"
                } ],
                "highlight" : [ "ul" ]
              }, {
                "status" : "info",
                "place" : {
                  "filePath" : "testovi/pocetna.gspec",
                  "lineNumber" : 26
                },
                "name" : "centered horizontally inside meni",
                "highlight" : [ "ul", "meni" ]
              }, {
                "status" : "info",
                "place" : {
                  "filePath" : "testovi/pocetna.gspec",
                  "lineNumber" : 27
                },
                "name" : "height 33px",
                "meta" : [ {
                  "from" : {
                    "object" : "ul",
                    "edge" : "top"
                  },
                  "to" : {
                    "object" : "ul",
                    "edge" : "bottom"
                  },
                  "expectedDistance" : "33px",
                  "realDistance" : "33px"
                } ],
                "highlight" : [ "ul" ]
              } ]
            } ]
          }, {
            "name" : "Li section",
            "place" : {
              "filePath" : "testovi/pocetna.gspec",
              "lineNumber" : 29
            },
            "objects" : [ {
              "name" : "li",
              "specs" : [ {
                "status" : "info",
                "place" : {
                  "filePath" : "testovi/pocetna.gspec",
                  "lineNumber" : 31
                },
                "name" : "inside meni",
                "meta" : [ ],
                "highlight" : [ "li", "meni" ]
              }, {
                "status" : "info",
                "place" : {
                  "filePath" : "testovi/pocetna.gspec",
                  "lineNumber" : 32
                },
                "name" : "aligned horizontally all li",
                "highlight" : [ "li", "li" ]
              }, {
                "status" : "info",
                "place" : {
                  "filePath" : "testovi/pocetna.gspec",
                  "lineNumber" : 33
                },
                "name" : "height 17px",
                "meta" : [ {
                  "from" : {
                    "object" : "li",
                    "edge" : "top"
                  },
                  "to" : {
                    "object" : "li",
                    "edge" : "bottom"
                  },
                  "expectedDistance" : "17px",
                  "realDistance" : "17px"
                } ],
                "highlight" : [ "li" ]
              }, {
                "status" : "info",
                "place" : {
                  "filePath" : "testovi/pocetna.gspec",
                  "lineNumber" : 34
                },
                "name" : "inside ul 10px top, 6px bottom",
                "meta" : [ {
                  "from" : {
                    "object" : "li",
                    "edge" : "top"
                  },
                  "to" : {
                    "object" : "ul",
                    "edge" : "top"
                  },
                  "expectedDistance" : "10px",
                  "realDistance" : "10px"
                }, {
                  "from" : {
                    "object" : "li",
                    "edge" : "bottom"
                  },
                  "to" : {
                    "object" : "ul",
                    "edge" : "bottom"
                  },
                  "expectedDistance" : "6px",
                  "realDistance" : "6px"
                } ],
                "highlight" : [ "li", "ul" ]
              } ]
            } ]
          }, {
            "name" : "Sadrzaj section",
            "place" : {
              "filePath" : "testovi/pocetna.gspec",
              "lineNumber" : 37
            },
            "objects" : [ {
              "name" : "sadrzaj",
              "specs" : [ {
                "status" : "info",
                "place" : {
                  "filePath" : "testovi/pocetna.gspec",
                  "lineNumber" : 39
                },
                "name" : "centered horizontally inside viewport",
                "highlight" : [ "sadrzaj", "viewport" ]
              }, {
                "status" : "info",
                "place" : {
                  "filePath" : "testovi/pocetna.gspec",
                  "lineNumber" : 40
                },
                "name" : "width 90 to 99% of viewport/width",
                "meta" : [ {
                  "from" : {
                    "object" : "sadrzaj",
                    "edge" : "left"
                  },
                  "to" : {
                    "object" : "sadrzaj",
                    "edge" : "right"
                  },
                  "expectedDistance" : "90 to 99% [896 to 986px]",
                  "realDistance" : "98% [980px]"
                } ],
                "highlight" : [ "sadrzaj" ]
              }, {
                "status" : "info",
                "place" : {
                  "filePath" : "testovi/pocetna.gspec",
                  "lineNumber" : 41
                },
                "name" : "below meni 20px",
                "meta" : [ {
                  "from" : {
                    "object" : "sadrzaj",
                    "edge" : "top"
                  },
                  "to" : {
                    "object" : "meni",
                    "edge" : "bottom"
                  },
                  "expectedDistance" : "20px",
                  "realDistance" : "20px"
                } ],
                "highlight" : [ "sadrzaj", "meni" ]
              } ]
            } ]
          }, {
            "name" : "Slike section",
            "place" : {
              "filePath" : "testovi/pocetna.gspec",
              "lineNumber" : 43
            },
            "objects" : [ {
              "name" : "slike",
              "specs" : [ {
                "status" : "info",
                "place" : {
                  "filePath" : "testovi/pocetna.gspec",
                  "lineNumber" : 45
                },
                "name" : "centered horizontally inside sadrzaj",
                "highlight" : [ "slike", "sadrzaj" ]
              }, {
                "status" : "info",
                "place" : {
                  "filePath" : "testovi/pocetna.gspec",
                  "lineNumber" : 46
                },
                "name" : "inside sadrzaj 208px top",
                "meta" : [ {
                  "from" : {
                    "object" : "slike",
                    "edge" : "top"
                  },
                  "to" : {
                    "object" : "sadrzaj",
                    "edge" : "top"
                  },
                  "expectedDistance" : "208px",
                  "realDistance" : "208px"
                } ],
                "highlight" : [ "slike", "sadrzaj" ]
              } ]
            } ]
          }, {
            "name" : "Slika section",
            "place" : {
              "filePath" : "testovi/pocetna.gspec",
              "lineNumber" : 48
            },
            "objects" : [ {
              "name" : "slika",
              "specs" : [ {
                "status" : "info",
                "place" : {
                  "filePath" : "testovi/pocetna.gspec",
                  "lineNumber" : 50
                },
                "name" : "inside sadrzaj 12px top",
                "meta" : [ {
                  "from" : {
                    "object" : "slika",
                    "edge" : "top"
                  },
                  "to" : {
                    "object" : "sadrzaj",
                    "edge" : "top"
                  },
                  "expectedDistance" : "12px",
                  "realDistance" : "12px"
                } ],
                "highlight" : [ "slika", "sadrzaj" ]
              }, {
                "status" : "info",
                "place" : {
                  "filePath" : "testovi/pocetna.gspec",
                  "lineNumber" : 51
                },
                "name" : "aligned horizontally all slika",
                "highlight" : [ "slika", "slika" ]
              }, {
                "status" : "info",
                "place" : {
                  "filePath" : "testovi/pocetna.gspec",
                  "lineNumber" : 52
                },
                "name" : "aligned vertically all slika",
                "highlight" : [ "slika", "slika" ]
              }, {
                "status" : "info",
                "place" : {
                  "filePath" : "testovi/pocetna.gspec",
                  "lineNumber" : 53
                },
                "name" : "height 200px",
                "meta" : [ {
                  "from" : {
                    "object" : "slika",
                    "edge" : "top"
                  },
                  "to" : {
                    "object" : "slika",
                    "edge" : "bottom"
                  },
                  "expectedDistance" : "200px",
                  "realDistance" : "200px"
                } ],
                "highlight" : [ "slika" ]
              }, {
                "status" : "info",
                "place" : {
                  "filePath" : "testovi/pocetna.gspec",
                  "lineNumber" : 54
                },
                "name" : "width 400px",
                "meta" : [ {
                  "from" : {
                    "object" : "slika",
                    "edge" : "left"
                  },
                  "to" : {
                    "object" : "slika",
                    "edge" : "right"
                  },
                  "expectedDistance" : "400px",
                  "realDistance" : "400px"
                } ],
                "highlight" : [ "slika" ]
              } ]
            } ]
          } ],
          "objects" : {
            "meni" : {
              "area" : [ 8, 50, 980, 98 ]
            },
            "slika" : {
              "area" : [ 86, 180, 400, 200 ]
            },
            "viewport" : {
              "area" : [ 0, 0, 996, 688 ]
            },
            "ul" : {
              "area" : [ 10, 112, 975, 33 ]
            },
            "logo" : {
              "area" : [ 458, 12, 80, 80 ]
            },
            "li" : {
              "area" : [ 34, 122, 96, 17 ]
            },
            "slike" : {
              "area" : [ 76, 376, 844, 912 ]
            },
            "sadrzaj" : {
              "area" : [ 8, 168, 980, 1122 ]
            }
          },
          "screenshot" : "layout-1-screenshot.png",
          "type" : "layout"
        }, {
          "name" : "Mutation testing: testovi/pocetna.gspec included tags: ",
          "status" : "error",
          "time" : 1573602168915,
          "mutationReport" : {
            "objectMutationStatistics" : {
              "meni" : {
                "passed" : 10,
                "failed" : 0,
                "failedMutations" : [ ]
              },
              "slika" : {
                "passed" : 8,
                "failed" : 2,
                "failedMutations" : [ "slika: drag left by 5px", "slika: drag right by 5px" ]
              },
              "ul" : {
                "passed" : 10,
                "failed" : 0,
                "failedMutations" : [ ]
              },
              "logo" : {
                "passed" : 10,
                "failed" : 0,
                "failedMutations" : [ ]
              },
              "li" : {
                "passed" : 5,
                "failed" : 5,
                "failedMutations" : [ "li: drag left by 5px", "li: drag right by 5px", "li: increase width by 5px", "li: decrease width by 5px", "li: move left edge right by 5px" ]
              },
              "slike" : {
                "passed" : 9,
                "failed" : 1,
                "failedMutations" : [ "slike: decrease height by 5px" ]
              },
              "sadrzaj" : {
                "passed" : 9,
                "failed" : 1,
                "failedMutations" : [ "sadrzaj: increase height by 5px" ]
              }
            },
            "totalPassed" : 61,
            "totalFailed" : 9,
            "failedRatio" : 12.857142857142858,
            "totalMutations" : 70
          },
          "type" : "mutation"
        } ],
        "time" : 1573602165875,
        "type" : "node"
      } ],
      "time" : 1573602159695,
      "type" : "node"
    } ]
  }
}