{"ispravno":1,"periodicna":[{"dan":1,"semestar":"zimski","pocetak":"10:00","kraj":"13:00","naziv":"0-09","predavac":"profesor"},{"dan":2,"semestar":"zimski","pocetak":"10:00","kraj":"15:00","naziv":"0-01","predavac":"profesor"},{"dan":1,"semestar":"ljetni","pocetak":"10:00","kraj":"15:00","naziv":"0-01","predavac":"profesor"}],"vanredna":[{"datum":"10.12.2019","pocetak":"10:10","kraj":"12:00","naziv":"0-01","predavac":"profesor"},{"datum":"8.12.2019","pocetak":"10:00","kraj":"15:00","naziv":"0-01","predavac":"profesor"},{"datum":"1.12.2019","pocetak":"10:00","kraj":"15:00","naziv":"0-01","predavac":"profesor"},{"datum":"4.4.2019","pocetak":"10:00","kraj":"15:00","naziv":"0-01","predavac":"profesor"}]}