{
  "testId" : "1-testovi-unos.gspec",
  "name" : "testovi/unos.gspec",
  "report" : {
    "nodes" : [ {
      "name" : "Mutation test",
      "status" : "info",
      "nodes" : [ {
        "name" : "check  testovi/unos.gspec --url http://localhost/unos.html --offset 5 --size 1024x768 --htmlreport izvjestaji/Unos",
        "status" : "info",
        "nodes" : [ {
          "name" : "Check layout: testovi/unos.gspec included tags: ",
          "status" : "info",
          "time" : 1573595608687,
          "sections" : [ {
            "name" : "Logo section",
            "place" : {
              "filePath" : "testovi/unos.gspec",
              "lineNumber" : 12
            },
            "objects" : [ {
              "name" : "logo",
              "specs" : [ {
                "status" : "info",
                "place" : {
                  "filePath" : "testovi/unos.gspec",
                  "lineNumber" : 14
                },
                "name" : "inside partly meni 56px bottom",
                "meta" : [ {
                  "from" : {
                    "object" : "logo",
                    "edge" : "bottom"
                  },
                  "to" : {
                    "object" : "meni",
                    "edge" : "bottom"
                  },
                  "expectedDistance" : "56px",
                  "realDistance" : "56px"
                } ],
                "highlight" : [ "logo", "meni" ]
              }, {
                "status" : "info",
                "place" : {
                  "filePath" : "testovi/unos.gspec",
                  "lineNumber" : 15
                },
                "name" : "width  80px",
                "meta" : [ {
                  "from" : {
                    "object" : "logo",
                    "edge" : "left"
                  },
                  "to" : {
                    "object" : "logo",
                    "edge" : "right"
                  },
                  "expectedDistance" : "80px",
                  "realDistance" : "80px"
                } ],
                "highlight" : [ "logo" ]
              }, {
                "status" : "info",
                "place" : {
                  "filePath" : "testovi/unos.gspec",
                  "lineNumber" : 16
                },
                "name" : "height 80px",
                "meta" : [ {
                  "from" : {
                    "object" : "logo",
                    "edge" : "top"
                  },
                  "to" : {
                    "object" : "logo",
                    "edge" : "bottom"
                  },
                  "expectedDistance" : "80px",
                  "realDistance" : "80px"
                } ],
                "highlight" : [ "logo" ]
              }, {
                "status" : "info",
                "place" : {
                  "filePath" : "testovi/unos.gspec",
                  "lineNumber" : 17
                },
                "name" : "centered horizontally inside meni",
                "highlight" : [ "logo", "meni" ]
              } ]
            } ]
          }, {
            "name" : "Meni section",
            "place" : {
              "filePath" : "testovi/unos.gspec",
              "lineNumber" : 19
            },
            "objects" : [ {
              "name" : "meni",
              "specs" : [ {
                "status" : "info",
                "place" : {
                  "filePath" : "testovi/unos.gspec",
                  "lineNumber" : 21
                },
                "name" : "above sadrzaj 5 to 25px",
                "meta" : [ {
                  "from" : {
                    "object" : "meni",
                    "edge" : "bottom"
                  },
                  "to" : {
                    "object" : "sadrzaj",
                    "edge" : "top"
                  },
                  "expectedDistance" : "5 to 25px",
                  "realDistance" : "20px"
                } ],
                "highlight" : [ "meni", "sadrzaj" ]
              }, {
                "status" : "info",
                "place" : {
                  "filePath" : "testovi/unos.gspec",
                  "lineNumber" : 22
                },
                "name" : "height 98px",
                "meta" : [ {
                  "from" : {
                    "object" : "meni",
                    "edge" : "top"
                  },
                  "to" : {
                    "object" : "meni",
                    "edge" : "bottom"
                  },
                  "expectedDistance" : "98px",
                  "realDistance" : "98px"
                } ],
                "highlight" : [ "meni" ]
              } ]
            } ]
          }, {
            "name" : "Ul section",
            "place" : {
              "filePath" : "testovi/unos.gspec",
              "lineNumber" : 24
            },
            "objects" : [ {
              "name" : "ul",
              "specs" : [ {
                "status" : "info",
                "place" : {
                  "filePath" : "testovi/unos.gspec",
                  "lineNumber" : 26
                },
                "name" : "inside meni 50 to 80px top, 1 to 5px bottom",
                "meta" : [ {
                  "from" : {
                    "object" : "ul",
                    "edge" : "top"
                  },
                  "to" : {
                    "object" : "meni",
                    "edge" : "top"
                  },
                  "expectedDistance" : "50 to 80px",
                  "realDistance" : "62px"
                }, {
                  "from" : {
                    "object" : "ul",
                    "edge" : "bottom"
                  },
                  "to" : {
                    "object" : "meni",
                    "edge" : "bottom"
                  },
                  "expectedDistance" : "1 to 5px",
                  "realDistance" : "3px"
                } ],
                "highlight" : [ "ul", "meni" ]
              }, {
                "status" : "info",
                "place" : {
                  "filePath" : "testovi/unos.gspec",
                  "lineNumber" : 27
                },
                "name" : "width 90 to 100% of meni/width",
                "meta" : [ {
                  "from" : {
                    "object" : "ul",
                    "edge" : "left"
                  },
                  "to" : {
                    "object" : "ul",
                    "edge" : "right"
                  },
                  "expectedDistance" : "90 to 100% [896 to 996px]",
                  "realDistance" : "99% [992px]"
                } ],
                "highlight" : [ "ul" ]
              }, {
                "status" : "info",
                "place" : {
                  "filePath" : "testovi/unos.gspec",
                  "lineNumber" : 28
                },
                "name" : "centered horizontally inside meni",
                "highlight" : [ "ul", "meni" ]
              }, {
                "status" : "info",
                "place" : {
                  "filePath" : "testovi/unos.gspec",
                  "lineNumber" : 29
                },
                "name" : "height 33px",
                "meta" : [ {
                  "from" : {
                    "object" : "ul",
                    "edge" : "top"
                  },
                  "to" : {
                    "object" : "ul",
                    "edge" : "bottom"
                  },
                  "expectedDistance" : "33px",
                  "realDistance" : "33px"
                } ],
                "highlight" : [ "ul" ]
              } ]
            } ]
          }, {
            "name" : "Li section",
            "place" : {
              "filePath" : "testovi/unos.gspec",
              "lineNumber" : 31
            },
            "objects" : [ {
              "name" : "li",
              "specs" : [ {
                "status" : "info",
                "place" : {
                  "filePath" : "testovi/unos.gspec",
                  "lineNumber" : 33
                },
                "name" : "inside meni",
                "meta" : [ ],
                "highlight" : [ "li", "meni" ]
              }, {
                "status" : "info",
                "place" : {
                  "filePath" : "testovi/unos.gspec",
                  "lineNumber" : 34
                },
                "name" : "aligned horizontally all li",
                "highlight" : [ "li", "li" ]
              }, {
                "status" : "info",
                "place" : {
                  "filePath" : "testovi/unos.gspec",
                  "lineNumber" : 35
                },
                "name" : "height 17px",
                "meta" : [ {
                  "from" : {
                    "object" : "li",
                    "edge" : "top"
                  },
                  "to" : {
                    "object" : "li",
                    "edge" : "bottom"
                  },
                  "expectedDistance" : "17px",
                  "realDistance" : "17px"
                } ],
                "highlight" : [ "li" ]
              }, {
                "status" : "info",
                "place" : {
                  "filePath" : "testovi/unos.gspec",
                  "lineNumber" : 36
                },
                "name" : "inside ul 10px top, 6px bottom",
                "meta" : [ {
                  "from" : {
                    "object" : "li",
                    "edge" : "top"
                  },
                  "to" : {
                    "object" : "ul",
                    "edge" : "top"
                  },
                  "expectedDistance" : "10px",
                  "realDistance" : "10px"
                }, {
                  "from" : {
                    "object" : "li",
                    "edge" : "bottom"
                  },
                  "to" : {
                    "object" : "ul",
                    "edge" : "bottom"
                  },
                  "expectedDistance" : "6px",
                  "realDistance" : "6px"
                } ],
                "highlight" : [ "li", "ul" ]
              } ]
            } ]
          }, {
            "name" : "Sadrzaj section",
            "place" : {
              "filePath" : "testovi/unos.gspec",
              "lineNumber" : 39
            },
            "objects" : [ {
              "name" : "sadrzaj",
              "specs" : [ {
                "status" : "info",
                "place" : {
                  "filePath" : "testovi/unos.gspec",
                  "lineNumber" : 41
                },
                "name" : "centered horizontally inside viewport",
                "highlight" : [ "sadrzaj", "viewport" ]
              }, {
                "status" : "info",
                "place" : {
                  "filePath" : "testovi/unos.gspec",
                  "lineNumber" : 42
                },
                "name" : "height 309px",
                "meta" : [ {
                  "from" : {
                    "object" : "sadrzaj",
                    "edge" : "top"
                  },
                  "to" : {
                    "object" : "sadrzaj",
                    "edge" : "bottom"
                  },
                  "expectedDistance" : "309px",
                  "realDistance" : "309px"
                } ],
                "highlight" : [ "sadrzaj" ]
              }, {
                "status" : "info",
                "place" : {
                  "filePath" : "testovi/unos.gspec",
                  "lineNumber" : 43
                },
                "name" : "below meni 20px",
                "meta" : [ {
                  "from" : {
                    "object" : "sadrzaj",
                    "edge" : "top"
                  },
                  "to" : {
                    "object" : "meni",
                    "edge" : "bottom"
                  },
                  "expectedDistance" : "20px",
                  "realDistance" : "20px"
                } ],
                "highlight" : [ "sadrzaj", "meni" ]
              } ]
            } ]
          }, {
            "name" : "Form section",
            "place" : {
              "filePath" : "testovi/unos.gspec",
              "lineNumber" : 45
            },
            "objects" : [ {
              "name" : "form",
              "specs" : [ {
                "status" : "info",
                "place" : {
                  "filePath" : "testovi/unos.gspec",
                  "lineNumber" : 47
                },
                "name" : "inside sadrzaj 2px top, 3px bottom",
                "meta" : [ {
                  "from" : {
                    "object" : "form",
                    "edge" : "top"
                  },
                  "to" : {
                    "object" : "sadrzaj",
                    "edge" : "top"
                  },
                  "expectedDistance" : "2px",
                  "realDistance" : "2px"
                }, {
                  "from" : {
                    "object" : "form",
                    "edge" : "bottom"
                  },
                  "to" : {
                    "object" : "sadrzaj",
                    "edge" : "bottom"
                  },
                  "expectedDistance" : "3px",
                  "realDistance" : "3px"
                } ],
                "highlight" : [ "form", "sadrzaj" ]
              }, {
                "status" : "info",
                "place" : {
                  "filePath" : "testovi/unos.gspec",
                  "lineNumber" : 48
                },
                "name" : "centered horizontally inside sadrzaj",
                "highlight" : [ "form", "sadrzaj" ]
              }, {
                "status" : "info",
                "place" : {
                  "filePath" : "testovi/unos.gspec",
                  "lineNumber" : 49
                },
                "name" : "height 304px",
                "meta" : [ {
                  "from" : {
                    "object" : "form",
                    "edge" : "top"
                  },
                  "to" : {
                    "object" : "form",
                    "edge" : "bottom"
                  },
                  "expectedDistance" : "304px",
                  "realDistance" : "304px"
                } ],
                "highlight" : [ "form" ]
              } ]
            } ]
          }, {
            "name" : "Label section",
            "place" : {
              "filePath" : "testovi/unos.gspec",
              "lineNumber" : 51
            },
            "objects" : [ {
              "name" : "label",
              "specs" : [ {
                "status" : "info",
                "place" : {
                  "filePath" : "testovi/unos.gspec",
                  "lineNumber" : 53
                },
                "name" : "inside form 50px left, 60px top, 216px bottom",
                "meta" : [ {
                  "from" : {
                    "object" : "label",
                    "edge" : "left"
                  },
                  "to" : {
                    "object" : "form",
                    "edge" : "left"
                  },
                  "expectedDistance" : "50px",
                  "realDistance" : "50px"
                }, {
                  "from" : {
                    "object" : "label",
                    "edge" : "top"
                  },
                  "to" : {
                    "object" : "form",
                    "edge" : "top"
                  },
                  "expectedDistance" : "60px",
                  "realDistance" : "60px"
                }, {
                  "from" : {
                    "object" : "label",
                    "edge" : "bottom"
                  },
                  "to" : {
                    "object" : "form",
                    "edge" : "bottom"
                  },
                  "expectedDistance" : "216px",
                  "realDistance" : "216px"
                } ],
                "highlight" : [ "label", "form" ]
              }, {
                "status" : "info",
                "place" : {
                  "filePath" : "testovi/unos.gspec",
                  "lineNumber" : 54
                },
                "name" : "height 28px",
                "meta" : [ {
                  "from" : {
                    "object" : "label",
                    "edge" : "top"
                  },
                  "to" : {
                    "object" : "label",
                    "edge" : "bottom"
                  },
                  "expectedDistance" : "28px",
                  "realDistance" : "28px"
                } ],
                "highlight" : [ "label" ]
              }, {
                "status" : "info",
                "place" : {
                  "filePath" : "testovi/unos.gspec",
                  "lineNumber" : 55
                },
                "name" : "width 130px",
                "meta" : [ {
                  "from" : {
                    "object" : "label",
                    "edge" : "left"
                  },
                  "to" : {
                    "object" : "label",
                    "edge" : "right"
                  },
                  "expectedDistance" : "130px",
                  "realDistance" : "130px"
                } ],
                "highlight" : [ "label" ]
              }, {
                "status" : "info",
                "place" : {
                  "filePath" : "testovi/unos.gspec",
                  "lineNumber" : 56
                },
                "name" : "aligned vertically all label",
                "highlight" : [ "label", "label" ]
              } ]
            } ]
          }, {
            "name" : "Input section",
            "place" : {
              "filePath" : "testovi/unos.gspec",
              "lineNumber" : 58
            },
            "objects" : [ {
              "name" : "input",
              "specs" : [ {
                "status" : "info",
                "place" : {
                  "filePath" : "testovi/unos.gspec",
                  "lineNumber" : 60
                },
                "name" : "inside form 60px top, 216px bottom, 200px left",
                "meta" : [ {
                  "from" : {
                    "object" : "input",
                    "edge" : "top"
                  },
                  "to" : {
                    "object" : "form",
                    "edge" : "top"
                  },
                  "expectedDistance" : "60px",
                  "realDistance" : "60px"
                }, {
                  "from" : {
                    "object" : "input",
                    "edge" : "bottom"
                  },
                  "to" : {
                    "object" : "form",
                    "edge" : "bottom"
                  },
                  "expectedDistance" : "216px",
                  "realDistance" : "216px"
                }, {
                  "from" : {
                    "object" : "input",
                    "edge" : "left"
                  },
                  "to" : {
                    "object" : "form",
                    "edge" : "left"
                  },
                  "expectedDistance" : "200px",
                  "realDistance" : "200px"
                } ],
                "highlight" : [ "input", "form" ]
              }, {
                "status" : "info",
                "place" : {
                  "filePath" : "testovi/unos.gspec",
                  "lineNumber" : 61
                },
                "name" : "height 28px",
                "meta" : [ {
                  "from" : {
                    "object" : "input",
                    "edge" : "top"
                  },
                  "to" : {
                    "object" : "input",
                    "edge" : "bottom"
                  },
                  "expectedDistance" : "28px",
                  "realDistance" : "28px"
                } ],
                "highlight" : [ "input" ]
              }, {
                "status" : "info",
                "place" : {
                  "filePath" : "testovi/unos.gspec",
                  "lineNumber" : 62
                },
                "name" : "right-of label 20px",
                "meta" : [ {
                  "from" : {
                    "object" : "input",
                    "edge" : "left"
                  },
                  "to" : {
                    "object" : "label",
                    "edge" : "right"
                  },
                  "expectedDistance" : "20px",
                  "realDistance" : "20px"
                } ],
                "highlight" : [ "input", "label" ]
              }, {
                "status" : "info",
                "place" : {
                  "filePath" : "testovi/unos.gspec",
                  "lineNumber" : 63
                },
                "name" : "aligned vertically all input",
                "highlight" : [ "input", "input" ]
              }, {
                "status" : "info",
                "place" : {
                  "filePath" : "testovi/unos.gspec",
                  "lineNumber" : 64
                },
                "name" : "width 25 to 30% of form/width",
                "meta" : [ {
                  "from" : {
                    "object" : "input",
                    "edge" : "left"
                  },
                  "to" : {
                    "object" : "input",
                    "edge" : "right"
                  },
                  "expectedDistance" : "25 to 30% [248 to 297px]",
                  "realDistance" : "28% [279px]"
                } ],
                "highlight" : [ "input" ]
              } ]
            } ]
          } ],
          "objects" : {
            "meni" : {
              "area" : [ 8, 50, 996, 98 ]
            },
            "input" : {
              "area" : [ 210, 230, 279, 28 ]
            },
            "form" : {
              "area" : [ 10, 170, 992, 304 ]
            },
            "viewport" : {
              "area" : [ 0, 0, 1013, 688 ]
            },
            "ul" : {
              "area" : [ 10, 112, 992, 33 ]
            },
            "logo" : {
              "area" : [ 466, 12, 80, 80 ]
            },
            "label" : {
              "area" : [ 60, 230, 130, 28 ]
            },
            "li" : {
              "area" : [ 35, 122, 97, 17 ]
            },
            "sadrzaj" : {
              "area" : [ 8, 168, 996, 309 ]
            }
          },
          "screenshot" : "layout-1-screenshot.png",
          "type" : "layout"
        }, {
          "name" : "Mutation testing: testovi/unos.gspec included tags: ",
          "status" : "error",
          "time" : 1573595608688,
          "mutationReport" : {
            "objectMutationStatistics" : {
              "meni" : {
                "passed" : 10,
                "failed" : 0,
                "failedMutations" : [ ]
              },
              "input" : {
                "passed" : 8,
                "failed" : 2,
                "failedMutations" : [ "input: increase width by 5px", "input: decrease width by 5px" ]
              },
              "form" : {
                "passed" : 10,
                "failed" : 0,
                "failedMutations" : [ ]
              },
              "ul" : {
                "passed" : 10,
                "failed" : 0,
                "failedMutations" : [ ]
              },
              "logo" : {
                "passed" : 10,
                "failed" : 0,
                "failedMutations" : [ ]
              },
              "label" : {
                "passed" : 10,
                "failed" : 0,
                "failedMutations" : [ ]
              },
              "li" : {
                "passed" : 5,
                "failed" : 5,
                "failedMutations" : [ "li: drag left by 5px", "li: drag right by 5px", "li: increase width by 5px", "li: decrease width by 5px", "li: move left edge right by 5px" ]
              },
              "sadrzaj" : {
                "passed" : 10,
                "failed" : 0,
                "failedMutations" : [ ]
              }
            },
            "totalPassed" : 73,
            "totalFailed" : 7,
            "failedRatio" : 8.75,
            "totalMutations" : 80
          },
          "type" : "mutation"
        } ],
        "time" : 1573595605744,
        "type" : "node"
      } ],
      "time" : 1573595601366,
      "type" : "node"
    } ]
  }
}