{
  "testId" : "1-sale.gspec",
  "name" : "sale.gspec",
  "report" : {
    "nodes" : [ {
      "name" : "Simple check",
      "status" : "info",
      "nodes" : [ {
        "name" : "check  sale.gspec --url http://localhost:8080/sale.html --size 1024x768 --htmlreport izvjestajiSale",
        "status" : "info",
        "nodes" : [ {
          "name" : "Check layout: sale.gspec included tags: ",
          "status" : "info",
          "time" : 1573603688967,
          "sections" : [ {
            "name" : "Logo",
            "place" : {
              "filePath" : "sale.gspec",
              "lineNumber" : 17
            },
            "objects" : [ {
              "name" : "logo",
              "specs" : [ {
                "status" : "info",
                "place" : {
                  "filePath" : "sale.gspec",
                  "lineNumber" : 19
                },
                "name" : "aligned vertically centered logo",
                "highlight" : [ "logo", "logo" ]
              }, {
                "status" : "info",
                "place" : {
                  "filePath" : "sale.gspec",
                  "lineNumber" : 20
                },
                "name" : "above meniLista",
                "meta" : [ {
                  "from" : {
                    "object" : "logo",
                    "edge" : "bottom"
                  },
                  "to" : {
                    "object" : "meniLista",
                    "edge" : "top"
                  },
                  "expectedDistance" : ">= 0px",
                  "realDistance" : "32px"
                } ],
                "highlight" : [ "logo", "meniLista" ]
              }, {
                "status" : "info",
                "place" : {
                  "filePath" : "sale.gspec",
                  "lineNumber" : 21
                },
                "name" : "css position is \"absolute\"",
                "highlight" : [ "logo" ]
              }, {
                "status" : "info",
                "place" : {
                  "filePath" : "sale.gspec",
                  "lineNumber" : 22
                },
                "name" : "css top is \"0px\"",
                "highlight" : [ "logo" ]
              } ]
            } ]
          }, {
            "name" : "Meni",
            "place" : {
              "filePath" : "sale.gspec",
              "lineNumber" : 25
            },
            "objects" : [ {
              "name" : "meniLista",
              "specs" : [ {
                "status" : "info",
                "place" : {
                  "filePath" : "sale.gspec",
                  "lineNumber" : 27
                },
                "name" : "inside meni 35px top",
                "meta" : [ {
                  "from" : {
                    "object" : "meniLista",
                    "edge" : "top"
                  },
                  "to" : {
                    "object" : "meni",
                    "edge" : "top"
                  },
                  "expectedDistance" : "35px",
                  "realDistance" : "35px"
                } ],
                "highlight" : [ "meniLista", "meni" ]
              }, {
                "status" : "info",
                "place" : {
                  "filePath" : "sale.gspec",
                  "lineNumber" : 28
                },
                "name" : "aligned vertically centered meniLista",
                "highlight" : [ "meniLista", "meniLista" ]
              }, {
                "status" : "info",
                "place" : {
                  "filePath" : "sale.gspec",
                  "lineNumber" : 29
                },
                "name" : "below logo",
                "meta" : [ {
                  "from" : {
                    "object" : "meniLista",
                    "edge" : "top"
                  },
                  "to" : {
                    "object" : "logo",
                    "edge" : "bottom"
                  },
                  "expectedDistance" : ">= 0px",
                  "realDistance" : "32px"
                } ],
                "highlight" : [ "meniLista", "logo" ]
              }, {
                "status" : "info",
                "place" : {
                  "filePath" : "sale.gspec",
                  "lineNumber" : 30
                },
                "name" : "css display is \"inline-block\"",
                "highlight" : [ "meniLista" ]
              }, {
                "status" : "info",
                "place" : {
                  "filePath" : "sale.gspec",
                  "lineNumber" : 31
                },
                "name" : "css position is \"relative\"",
                "highlight" : [ "meniLista" ]
              }, {
                "status" : "info",
                "place" : {
                  "filePath" : "sale.gspec",
                  "lineNumber" : 32
                },
                "name" : "css text-align is \"center\"",
                "highlight" : [ "meniLista" ]
              }, {
                "status" : "info",
                "place" : {
                  "filePath" : "sale.gspec",
                  "lineNumber" : 33
                },
                "name" : "css top is \"0px\"",
                "highlight" : [ "meniLista" ]
              } ]
            }, {
              "name" : "meni",
              "specs" : [ {
                "status" : "info",
                "place" : {
                  "filePath" : "sale.gspec",
                  "lineNumber" : 36
                },
                "name" : "css background-color is \"rgb(65, 105, 225)\"",
                "highlight" : [ "meni" ]
              }, {
                "status" : "info",
                "place" : {
                  "filePath" : "sale.gspec",
                  "lineNumber" : 37
                },
                "name" : "height 60px",
                "meta" : [ {
                  "from" : {
                    "object" : "meni",
                    "edge" : "top"
                  },
                  "to" : {
                    "object" : "meni",
                    "edge" : "bottom"
                  },
                  "expectedDistance" : "60px",
                  "realDistance" : "60px"
                } ],
                "highlight" : [ "meni" ]
              }, {
                "status" : "info",
                "place" : {
                  "filePath" : "sale.gspec",
                  "lineNumber" : 38
                },
                "name" : "width 825px",
                "meta" : [ {
                  "from" : {
                    "object" : "meni",
                    "edge" : "left"
                  },
                  "to" : {
                    "object" : "meni",
                    "edge" : "right"
                  },
                  "expectedDistance" : "825px",
                  "realDistance" : "825px"
                } ],
                "highlight" : [ "meni" ]
              }, {
                "status" : "info",
                "place" : {
                  "filePath" : "sale.gspec",
                  "lineNumber" : 39
                },
                "name" : "aligned vertically centered meni",
                "highlight" : [ "meni", "meni" ]
              }, {
                "status" : "info",
                "place" : {
                  "filePath" : "sale.gspec",
                  "lineNumber" : 40
                },
                "name" : "css margin-left is \"77.5px\"",
                "highlight" : [ "meni" ]
              }, {
                "status" : "info",
                "place" : {
                  "filePath" : "sale.gspec",
                  "lineNumber" : 41
                },
                "name" : "css margin-right is \"77.5px\"",
                "highlight" : [ "meni" ]
              }, {
                "status" : "info",
                "place" : {
                  "filePath" : "sale.gspec",
                  "lineNumber" : 42
                },
                "name" : "css position is \"relative\"",
                "highlight" : [ "meni" ]
              }, {
                "status" : "info",
                "place" : {
                  "filePath" : "sale.gspec",
                  "lineNumber" : 43
                },
                "name" : "css top is \"25px\"",
                "highlight" : [ "meni" ]
              } ]
            } ]
          }, {
            "name" : "Sadrzaj",
            "place" : {
              "filePath" : "sale.gspec",
              "lineNumber" : 46
            },
            "objects" : [ {
              "name" : "sadrzaj",
              "specs" : [ {
                "status" : "info",
                "place" : {
                  "filePath" : "sale.gspec",
                  "lineNumber" : 48
                },
                "name" : "aligned vertically centered sadrzaj",
                "highlight" : [ "sadrzaj", "sadrzaj" ]
              }, {
                "status" : "info",
                "place" : {
                  "filePath" : "sale.gspec",
                  "lineNumber" : 49
                },
                "name" : "inside sala",
                "meta" : [ ],
                "highlight" : [ "sadrzaj", "sala" ]
              }, {
                "status" : "info",
                "place" : {
                  "filePath" : "sale.gspec",
                  "lineNumber" : 50
                },
                "name" : "height 541px",
                "meta" : [ {
                  "from" : {
                    "object" : "sadrzaj",
                    "edge" : "top"
                  },
                  "to" : {
                    "object" : "sadrzaj",
                    "edge" : "bottom"
                  },
                  "expectedDistance" : "541px",
                  "realDistance" : "541px"
                } ],
                "highlight" : [ "sadrzaj" ]
              }, {
                "status" : "info",
                "place" : {
                  "filePath" : "sale.gspec",
                  "lineNumber" : 51
                },
                "name" : "css background-color is \"rgb(65, 105, 225)\"",
                "highlight" : [ "sadrzaj" ]
              }, {
                "status" : "info",
                "place" : {
                  "filePath" : "sale.gspec",
                  "lineNumber" : 52
                },
                "name" : "css border-collapse is \"collapse\"",
                "highlight" : [ "sadrzaj" ]
              }, {
                "status" : "info",
                "place" : {
                  "filePath" : "sale.gspec",
                  "lineNumber" : 53
                },
                "name" : "css text-align is \"center\"",
                "highlight" : [ "sadrzaj" ]
              }, {
                "status" : "info",
                "place" : {
                  "filePath" : "sale.gspec",
                  "lineNumber" : 54
                },
                "name" : "css position is \"relative\"",
                "highlight" : [ "sadrzaj" ]
              }, {
                "status" : "info",
                "place" : {
                  "filePath" : "sale.gspec",
                  "lineNumber" : 55
                },
                "name" : "css margin-top is \"30px\"",
                "highlight" : [ "sadrzaj" ]
              }, {
                "status" : "info",
                "place" : {
                  "filePath" : "sale.gspec",
                  "lineNumber" : 56
                },
                "name" : "css top is \"0px\"",
                "highlight" : [ "sadrzaj" ]
              }, {
                "status" : "info",
                "place" : {
                  "filePath" : "sale.gspec",
                  "lineNumber" : 57
                },
                "name" : "css margin-left is \"260.5px\"",
                "highlight" : [ "sadrzaj" ]
              }, {
                "status" : "info",
                "place" : {
                  "filePath" : "sale.gspec",
                  "lineNumber" : 58
                },
                "name" : "css margin-right is \"260.5px\"",
                "highlight" : [ "sadrzaj" ]
              } ]
            }, {
              "name" : "prazan",
              "specs" : [ {
                "status" : "info",
                "place" : {
                  "filePath" : "sale.gspec",
                  "lineNumber" : 61
                },
                "name" : "inside sadrzaj",
                "meta" : [ ],
                "highlight" : [ "prazan", "sadrzaj" ]
              }, {
                "status" : "info",
                "place" : {
                  "filePath" : "sale.gspec",
                  "lineNumber" : 62
                },
                "name" : "inside sala",
                "meta" : [ ],
                "highlight" : [ "prazan", "sala" ]
              }, {
                "status" : "info",
                "place" : {
                  "filePath" : "sale.gspec",
                  "lineNumber" : 63
                },
                "name" : "aligned vertically centered prazan",
                "highlight" : [ "prazan", "prazan" ]
              }, {
                "status" : "info",
                "place" : {
                  "filePath" : "sale.gspec",
                  "lineNumber" : 64
                },
                "name" : "css background-color is \"rgb(65, 105, 225)\"",
                "highlight" : [ "prazan" ]
              } ]
            }, {
              "name" : "slobodnaSala",
              "specs" : [ {
                "status" : "info",
                "place" : {
                  "filePath" : "sale.gspec",
                  "lineNumber" : 67
                },
                "name" : "css background-color is \"rgb(55, 245, 112)\"",
                "highlight" : [ "slobodnaSala" ]
              }, {
                "status" : "info",
                "place" : {
                  "filePath" : "sale.gspec",
                  "lineNumber" : 68
                },
                "name" : "inside sala",
                "meta" : [ ],
                "highlight" : [ "slobodnaSala", "sala" ]
              }, {
                "status" : "info",
                "place" : {
                  "filePath" : "sale.gspec",
                  "lineNumber" : 69
                },
                "name" : "inside sadrzaj",
                "meta" : [ ],
                "highlight" : [ "slobodnaSala", "sadrzaj" ]
              } ]
            }, {
              "name" : "zauzetaSala",
              "specs" : [ {
                "status" : "info",
                "place" : {
                  "filePath" : "sale.gspec",
                  "lineNumber" : 72
                },
                "name" : "css background-color is \"rgb(245, 79, 79)\"",
                "highlight" : [ "zauzetaSala" ]
              }, {
                "status" : "info",
                "place" : {
                  "filePath" : "sale.gspec",
                  "lineNumber" : 73
                },
                "name" : "inside sala",
                "meta" : [ ],
                "highlight" : [ "zauzetaSala", "sala" ]
              }, {
                "status" : "info",
                "place" : {
                  "filePath" : "sale.gspec",
                  "lineNumber" : 74
                },
                "name" : "inside sadrzaj",
                "meta" : [ ],
                "highlight" : [ "zauzetaSala", "sadrzaj" ]
              } ]
            }, {
              "name" : "kancelarija",
              "specs" : [ {
                "status" : "info",
                "place" : {
                  "filePath" : "sale.gspec",
                  "lineNumber" : 77
                },
                "name" : "css background-color is \"rgb(136, 135, 135)\"",
                "highlight" : [ "kancelarija" ]
              }, {
                "status" : "info",
                "place" : {
                  "filePath" : "sale.gspec",
                  "lineNumber" : 78
                },
                "name" : "inside sala",
                "meta" : [ ],
                "highlight" : [ "kancelarija", "sala" ]
              }, {
                "status" : "info",
                "place" : {
                  "filePath" : "sale.gspec",
                  "lineNumber" : 79
                },
                "name" : "inside sadrzaj",
                "meta" : [ ],
                "highlight" : [ "kancelarija", "sadrzaj" ]
              } ]
            }, {
              "name" : "sala",
              "specs" : [ {
                "status" : "info",
                "place" : {
                  "filePath" : "sale.gspec",
                  "lineNumber" : 82
                },
                "name" : "css background-color is \"rgb(65, 105, 225)\"",
                "highlight" : [ "sala" ]
              }, {
                "status" : "info",
                "place" : {
                  "filePath" : "sale.gspec",
                  "lineNumber" : 83
                },
                "name" : "width 825px",
                "meta" : [ {
                  "from" : {
                    "object" : "sala",
                    "edge" : "left"
                  },
                  "to" : {
                    "object" : "sala",
                    "edge" : "right"
                  },
                  "expectedDistance" : "825px",
                  "realDistance" : "825px"
                } ],
                "highlight" : [ "sala" ]
              }, {
                "status" : "info",
                "place" : {
                  "filePath" : "sale.gspec",
                  "lineNumber" : 84
                },
                "name" : "css margin-left is \"77.5px\"",
                "highlight" : [ "sala" ]
              }, {
                "status" : "info",
                "place" : {
                  "filePath" : "sale.gspec",
                  "lineNumber" : 85
                },
                "name" : "css margin-right is \"77.5px\"",
                "highlight" : [ "sala" ]
              }, {
                "status" : "info",
                "place" : {
                  "filePath" : "sale.gspec",
                  "lineNumber" : 86
                },
                "name" : "below meni",
                "meta" : [ {
                  "from" : {
                    "object" : "sala",
                    "edge" : "top"
                  },
                  "to" : {
                    "object" : "meni",
                    "edge" : "bottom"
                  },
                  "expectedDistance" : ">= 0px",
                  "realDistance" : "5px"
                } ],
                "highlight" : [ "sala", "meni" ]
              } ]
            }, {
              "name" : "tabelaSala",
              "specs" : [ {
                "status" : "info",
                "place" : {
                  "filePath" : "sale.gspec",
                  "lineNumber" : 89
                },
                "name" : "css margin-left is \"0px\"",
                "highlight" : [ "tabelaSala" ]
              }, {
                "status" : "info",
                "place" : {
                  "filePath" : "sale.gspec",
                  "lineNumber" : 90
                },
                "name" : "css margin-right is \"0px\"",
                "highlight" : [ "tabelaSala" ]
              }, {
                "status" : "info",
                "place" : {
                  "filePath" : "sale.gspec",
                  "lineNumber" : 91
                },
                "name" : "inside sala",
                "meta" : [ ],
                "highlight" : [ "tabelaSala", "sala" ]
              }, {
                "status" : "info",
                "place" : {
                  "filePath" : "sale.gspec",
                  "lineNumber" : 92
                },
                "name" : "inside sadrzaj",
                "meta" : [ ],
                "highlight" : [ "tabelaSala", "sadrzaj" ]
              } ]
            }, {
              "name" : "spratTekst",
              "specs" : [ {
                "status" : "info",
                "place" : {
                  "filePath" : "sale.gspec",
                  "lineNumber" : 95
                },
                "name" : "css text-align is \"center\"",
                "highlight" : [ "spratTekst" ]
              }, {
                "status" : "info",
                "place" : {
                  "filePath" : "sale.gspec",
                  "lineNumber" : 96
                },
                "name" : "inside sala",
                "meta" : [ ],
                "highlight" : [ "spratTekst", "sala" ]
              }, {
                "status" : "info",
                "place" : {
                  "filePath" : "sale.gspec",
                  "lineNumber" : 97
                },
                "name" : "inside sadrzaj",
                "meta" : [ ],
                "highlight" : [ "spratTekst", "sadrzaj" ]
              } ]
            }, {
              "name" : "headerRedni",
              "specs" : [ {
                "status" : "info",
                "place" : {
                  "filePath" : "sale.gspec",
                  "lineNumber" : 100
                },
                "name" : "text is \"Redni broj\"",
                "highlight" : [ "headerRedni" ]
              }, {
                "status" : "info",
                "place" : {
                  "filePath" : "sale.gspec",
                  "lineNumber" : 101
                },
                "name" : "aligned vertically left headerRedni",
                "highlight" : [ "headerRedni", "headerRedni" ]
              }, {
                "status" : "info",
                "place" : {
                  "filePath" : "sale.gspec",
                  "lineNumber" : 102
                },
                "name" : "css background-color is \"rgb(128, 128, 128)\"",
                "highlight" : [ "headerRedni" ]
              }, {
                "status" : "info",
                "place" : {
                  "filePath" : "sale.gspec",
                  "lineNumber" : 103
                },
                "name" : "css text-align is \"left\"",
                "highlight" : [ "headerRedni" ]
              }, {
                "status" : "info",
                "place" : {
                  "filePath" : "sale.gspec",
                  "lineNumber" : 104
                },
                "name" : "inside sala",
                "meta" : [ ],
                "highlight" : [ "headerRedni", "sala" ]
              }, {
                "status" : "info",
                "place" : {
                  "filePath" : "sale.gspec",
                  "lineNumber" : 105
                },
                "name" : "inside sadrzaj",
                "meta" : [ ],
                "highlight" : [ "headerRedni", "sadrzaj" ]
              } ]
            }, {
              "name" : "headerSprat",
              "specs" : [ {
                "status" : "info",
                "place" : {
                  "filePath" : "sale.gspec",
                  "lineNumber" : 108
                },
                "name" : "text is \"Spratovi\"",
                "highlight" : [ "headerSprat" ]
              }, {
                "status" : "info",
                "place" : {
                  "filePath" : "sale.gspec",
                  "lineNumber" : 109
                },
                "name" : "aligned vertically right headerSprat",
                "highlight" : [ "headerSprat", "headerSprat" ]
              }, {
                "status" : "info",
                "place" : {
                  "filePath" : "sale.gspec",
                  "lineNumber" : 110
                },
                "name" : "css background-color is \"rgb(128, 128, 128)\"",
                "highlight" : [ "headerSprat" ]
              }, {
                "status" : "info",
                "place" : {
                  "filePath" : "sale.gspec",
                  "lineNumber" : 111
                },
                "name" : "inside sala",
                "meta" : [ ],
                "highlight" : [ "headerSprat", "sala" ]
              }, {
                "status" : "info",
                "place" : {
                  "filePath" : "sale.gspec",
                  "lineNumber" : 112
                },
                "name" : "inside sadrzaj",
                "meta" : [ ],
                "highlight" : [ "headerSprat", "sadrzaj" ]
              } ]
            } ]
          } ],
          "objects" : {
            "meni" : {
              "area" : [ 85, 41, 825, 60 ]
            },
            "spratTekst" : {
              "area" : [ 422, 138, 228, 45 ]
            },
            "meniLista" : {
              "area" : [ 125, 76, 117, 18 ]
            },
            "zauzetaSala" : {
              "area" : [ 604, 281, 45, 45 ]
            },
            "headerRedni" : {
              "area" : [ 346, 183, 76, 52 ]
            },
            "sadrzaj" : {
              "area" : [ 346, 106, 304, 541 ]
            },
            "kancelarija" : {
              "area" : [ 422, 281, 45, 45 ]
            },
            "slobodnaSala" : {
              "area" : [ 604, 236, 45, 45 ]
            },
            "tabelaSala" : {
              "area" : [ 422, 236, 45, 45 ]
            },
            "headerSprat" : {
              "area" : [ 422, 138, 228, 45 ]
            },
            "sala" : {
              "area" : [ 85, 106, 825, 614 ]
            },
            "logo" : {
              "area" : [ 481, 14, 123, 30 ]
            },
            "prazan" : {
              "area" : [ 346, 106, 76, 32 ]
            }
          },
          "screenshot" : "layout-1-screenshot.png",
          "type" : "layout"
        } ],
        "time" : 1573603683067,
        "type" : "node"
      } ],
      "time" : 1573603677018,
      "type" : "node"
    } ]
  }
}