{
  "testId" : "1-testovi-mobilerezervacija.gspec",
  "name" : "testovi/mobileRezervacija.gspec",
  "report" : {
    "nodes" : [ {
      "name" : "Mutation test",
      "status" : "info",
      "nodes" : [ {
        "name" : "check  testovi/mobileRezervacija.gspec --url http://localhost/rezervacija.html --offset 5 --size 600x434 --htmlreport izvjestaji/MobileRezervacija",
        "status" : "info",
        "nodes" : [ {
          "name" : "Check layout: testovi/mobileRezervacija.gspec included tags: ",
          "status" : "info",
          "time" : 1573605656997,
          "sections" : [ {
            "name" : "Logo section",
            "place" : {
              "filePath" : "testovi/mobileRezervacija.gspec",
              "lineNumber" : 14
            },
            "objects" : [ {
              "name" : "logo",
              "specs" : [ {
                "status" : "info",
                "place" : {
                  "filePath" : "testovi/mobileRezervacija.gspec",
                  "lineNumber" : 16
                },
                "name" : "inside partly meni 159px bottom",
                "meta" : [ {
                  "from" : {
                    "object" : "logo",
                    "edge" : "bottom"
                  },
                  "to" : {
                    "object" : "meni",
                    "edge" : "bottom"
                  },
                  "expectedDistance" : "159px",
                  "realDistance" : "159px"
                } ],
                "highlight" : [ "logo", "meni" ]
              }, {
                "status" : "info",
                "place" : {
                  "filePath" : "testovi/mobileRezervacija.gspec",
                  "lineNumber" : 17
                },
                "name" : "width  80px",
                "meta" : [ {
                  "from" : {
                    "object" : "logo",
                    "edge" : "left"
                  },
                  "to" : {
                    "object" : "logo",
                    "edge" : "right"
                  },
                  "expectedDistance" : "80px",
                  "realDistance" : "80px"
                } ],
                "highlight" : [ "logo" ]
              }, {
                "status" : "info",
                "place" : {
                  "filePath" : "testovi/mobileRezervacija.gspec",
                  "lineNumber" : 18
                },
                "name" : "height 80px",
                "meta" : [ {
                  "from" : {
                    "object" : "logo",
                    "edge" : "top"
                  },
                  "to" : {
                    "object" : "logo",
                    "edge" : "bottom"
                  },
                  "expectedDistance" : "80px",
                  "realDistance" : "80px"
                } ],
                "highlight" : [ "logo" ]
              }, {
                "status" : "info",
                "place" : {
                  "filePath" : "testovi/mobileRezervacija.gspec",
                  "lineNumber" : 19
                },
                "name" : "centered horizontally inside meni",
                "highlight" : [ "logo", "meni" ]
              } ]
            } ]
          }, {
            "name" : "Meni section",
            "place" : {
              "filePath" : "testovi/mobileRezervacija.gspec",
              "lineNumber" : 21
            },
            "objects" : [ {
              "name" : "meni",
              "specs" : [ {
                "status" : "info",
                "place" : {
                  "filePath" : "testovi/mobileRezervacija.gspec",
                  "lineNumber" : 23
                },
                "name" : "above sadrzaj 5 to 25px",
                "meta" : [ {
                  "from" : {
                    "object" : "meni",
                    "edge" : "bottom"
                  },
                  "to" : {
                    "object" : "sadrzaj",
                    "edge" : "top"
                  },
                  "expectedDistance" : "5 to 25px",
                  "realDistance" : "20px"
                } ],
                "highlight" : [ "meni", "sadrzaj" ]
              }, {
                "status" : "info",
                "place" : {
                  "filePath" : "testovi/mobileRezervacija.gspec",
                  "lineNumber" : 24
                },
                "name" : "height 201px",
                "meta" : [ {
                  "from" : {
                    "object" : "meni",
                    "edge" : "top"
                  },
                  "to" : {
                    "object" : "meni",
                    "edge" : "bottom"
                  },
                  "expectedDistance" : "201px",
                  "realDistance" : "201px"
                } ],
                "highlight" : [ "meni" ]
              } ]
            } ]
          }, {
            "name" : "Ul section",
            "place" : {
              "filePath" : "testovi/mobileRezervacija.gspec",
              "lineNumber" : 26
            },
            "objects" : [ {
              "name" : "ul",
              "specs" : [ {
                "status" : "info",
                "place" : {
                  "filePath" : "testovi/mobileRezervacija.gspec",
                  "lineNumber" : 28
                },
                "name" : "inside meni 30 to 60px top, 1 to 5px bottom",
                "meta" : [ {
                  "from" : {
                    "object" : "ul",
                    "edge" : "top"
                  },
                  "to" : {
                    "object" : "meni",
                    "edge" : "top"
                  },
                  "expectedDistance" : "30 to 60px",
                  "realDistance" : "42px"
                }, {
                  "from" : {
                    "object" : "ul",
                    "edge" : "bottom"
                  },
                  "to" : {
                    "object" : "meni",
                    "edge" : "bottom"
                  },
                  "expectedDistance" : "1 to 5px",
                  "realDistance" : "2px"
                } ],
                "highlight" : [ "ul", "meni" ]
              }, {
                "status" : "info",
                "place" : {
                  "filePath" : "testovi/mobileRezervacija.gspec",
                  "lineNumber" : 29
                },
                "name" : "width 90 to 100% of meni/width",
                "meta" : [ {
                  "from" : {
                    "object" : "ul",
                    "edge" : "left"
                  },
                  "to" : {
                    "object" : "ul",
                    "edge" : "right"
                  },
                  "expectedDistance" : "90 to 100% [500 to 556px]",
                  "realDistance" : "99% [551px]"
                } ],
                "highlight" : [ "ul" ]
              }, {
                "status" : "info",
                "place" : {
                  "filePath" : "testovi/mobileRezervacija.gspec",
                  "lineNumber" : 30
                },
                "name" : "centered horizontally inside meni",
                "highlight" : [ "ul", "meni" ]
              }, {
                "status" : "info",
                "place" : {
                  "filePath" : "testovi/mobileRezervacija.gspec",
                  "lineNumber" : 31
                },
                "name" : "height 157px",
                "meta" : [ {
                  "from" : {
                    "object" : "ul",
                    "edge" : "top"
                  },
                  "to" : {
                    "object" : "ul",
                    "edge" : "bottom"
                  },
                  "expectedDistance" : "157px",
                  "realDistance" : "157px"
                } ],
                "highlight" : [ "ul" ]
              } ]
            } ]
          }, {
            "name" : "Li section",
            "place" : {
              "filePath" : "testovi/mobileRezervacija.gspec",
              "lineNumber" : 33
            },
            "objects" : [ {
              "name" : "li",
              "specs" : [ {
                "status" : "info",
                "place" : {
                  "filePath" : "testovi/mobileRezervacija.gspec",
                  "lineNumber" : 35
                },
                "name" : "inside meni",
                "meta" : [ ],
                "highlight" : [ "li", "meni" ]
              }, {
                "status" : "info",
                "place" : {
                  "filePath" : "testovi/mobileRezervacija.gspec",
                  "lineNumber" : 36
                },
                "name" : "aligned vertically all li",
                "highlight" : [ "li", "li" ]
              }, {
                "status" : "info",
                "place" : {
                  "filePath" : "testovi/mobileRezervacija.gspec",
                  "lineNumber" : 37
                },
                "name" : "height 28px",
                "meta" : [ {
                  "from" : {
                    "object" : "li",
                    "edge" : "top"
                  },
                  "to" : {
                    "object" : "li",
                    "edge" : "bottom"
                  },
                  "expectedDistance" : "28px",
                  "realDistance" : "28px"
                } ],
                "highlight" : [ "li" ]
              }, {
                "status" : "info",
                "place" : {
                  "filePath" : "testovi/mobileRezervacija.gspec",
                  "lineNumber" : 38
                },
                "name" : "inside ul 10px top, 119px bottom",
                "meta" : [ {
                  "from" : {
                    "object" : "li",
                    "edge" : "top"
                  },
                  "to" : {
                    "object" : "ul",
                    "edge" : "top"
                  },
                  "expectedDistance" : "10px",
                  "realDistance" : "10px"
                }, {
                  "from" : {
                    "object" : "li",
                    "edge" : "bottom"
                  },
                  "to" : {
                    "object" : "ul",
                    "edge" : "bottom"
                  },
                  "expectedDistance" : "119px",
                  "realDistance" : "119px"
                } ],
                "highlight" : [ "li", "ul" ]
              } ]
            } ]
          }, {
            "name" : "Sadrzaj section",
            "place" : {
              "filePath" : "testovi/mobileRezervacija.gspec",
              "lineNumber" : 41
            },
            "objects" : [ {
              "name" : "sadrzaj",
              "specs" : [ {
                "status" : "info",
                "place" : {
                  "filePath" : "testovi/mobileRezervacija.gspec",
                  "lineNumber" : 43
                },
                "name" : "centered horizontally inside viewport",
                "highlight" : [ "sadrzaj", "viewport" ]
              }, {
                "status" : "info",
                "place" : {
                  "filePath" : "testovi/mobileRezervacija.gspec",
                  "lineNumber" : 44
                },
                "name" : "height 697px",
                "meta" : [ {
                  "from" : {
                    "object" : "sadrzaj",
                    "edge" : "top"
                  },
                  "to" : {
                    "object" : "sadrzaj",
                    "edge" : "bottom"
                  },
                  "expectedDistance" : "697px",
                  "realDistance" : "697px"
                } ],
                "highlight" : [ "sadrzaj" ]
              }, {
                "status" : "info",
                "place" : {
                  "filePath" : "testovi/mobileRezervacija.gspec",
                  "lineNumber" : 45
                },
                "name" : "below meni 20px",
                "meta" : [ {
                  "from" : {
                    "object" : "sadrzaj",
                    "edge" : "top"
                  },
                  "to" : {
                    "object" : "meni",
                    "edge" : "bottom"
                  },
                  "expectedDistance" : "20px",
                  "realDistance" : "20px"
                } ],
                "highlight" : [ "sadrzaj", "meni" ]
              } ]
            } ]
          }, {
            "name" : "Form section",
            "place" : {
              "filePath" : "testovi/mobileRezervacija.gspec",
              "lineNumber" : 47
            },
            "objects" : [ {
              "name" : "form",
              "specs" : [ {
                "status" : "info",
                "place" : {
                  "filePath" : "testovi/mobileRezervacija.gspec",
                  "lineNumber" : 49
                },
                "name" : "inside sadrzaj 13px top, 2px bottom",
                "meta" : [ {
                  "from" : {
                    "object" : "form",
                    "edge" : "top"
                  },
                  "to" : {
                    "object" : "sadrzaj",
                    "edge" : "top"
                  },
                  "expectedDistance" : "13px",
                  "realDistance" : "13px"
                }, {
                  "from" : {
                    "object" : "form",
                    "edge" : "bottom"
                  },
                  "to" : {
                    "object" : "sadrzaj",
                    "edge" : "bottom"
                  },
                  "expectedDistance" : "2px",
                  "realDistance" : "2px"
                } ],
                "highlight" : [ "form", "sadrzaj" ]
              }, {
                "status" : "info",
                "place" : {
                  "filePath" : "testovi/mobileRezervacija.gspec",
                  "lineNumber" : 50
                },
                "name" : "centered horizontally inside sadrzaj",
                "highlight" : [ "form", "sadrzaj" ]
              }, {
                "status" : "info",
                "place" : {
                  "filePath" : "testovi/mobileRezervacija.gspec",
                  "lineNumber" : 51
                },
                "name" : "height 682px",
                "meta" : [ {
                  "from" : {
                    "object" : "form",
                    "edge" : "top"
                  },
                  "to" : {
                    "object" : "form",
                    "edge" : "bottom"
                  },
                  "expectedDistance" : "682px",
                  "realDistance" : "682px"
                } ],
                "highlight" : [ "form" ]
              } ]
            } ]
          }, {
            "name" : "Label section",
            "place" : {
              "filePath" : "testovi/mobileRezervacija.gspec",
              "lineNumber" : 53
            },
            "objects" : [ {
              "name" : "label",
              "specs" : [ {
                "status" : "info",
                "place" : {
                  "filePath" : "testovi/mobileRezervacija.gspec",
                  "lineNumber" : 55
                },
                "name" : "inside form 15px left, 0px top, 654px bottom",
                "meta" : [ {
                  "from" : {
                    "object" : "label",
                    "edge" : "left"
                  },
                  "to" : {
                    "object" : "form",
                    "edge" : "left"
                  },
                  "expectedDistance" : "15px",
                  "realDistance" : "15px"
                }, {
                  "from" : {
                    "object" : "label",
                    "edge" : "top"
                  },
                  "to" : {
                    "object" : "form",
                    "edge" : "top"
                  },
                  "expectedDistance" : "0px",
                  "realDistance" : "0px"
                }, {
                  "from" : {
                    "object" : "label",
                    "edge" : "bottom"
                  },
                  "to" : {
                    "object" : "form",
                    "edge" : "bottom"
                  },
                  "expectedDistance" : "654px",
                  "realDistance" : "654px"
                } ],
                "highlight" : [ "label", "form" ]
              }, {
                "status" : "info",
                "place" : {
                  "filePath" : "testovi/mobileRezervacija.gspec",
                  "lineNumber" : 56
                },
                "name" : "height 28px",
                "meta" : [ {
                  "from" : {
                    "object" : "label",
                    "edge" : "top"
                  },
                  "to" : {
                    "object" : "label",
                    "edge" : "bottom"
                  },
                  "expectedDistance" : "28px",
                  "realDistance" : "28px"
                } ],
                "highlight" : [ "label" ]
              }, {
                "status" : "info",
                "place" : {
                  "filePath" : "testovi/mobileRezervacija.gspec",
                  "lineNumber" : 57
                },
                "name" : "width 536px",
                "meta" : [ {
                  "from" : {
                    "object" : "label",
                    "edge" : "left"
                  },
                  "to" : {
                    "object" : "label",
                    "edge" : "right"
                  },
                  "expectedDistance" : "536px",
                  "realDistance" : "536px"
                } ],
                "highlight" : [ "label" ]
              }, {
                "status" : "info",
                "place" : {
                  "filePath" : "testovi/mobileRezervacija.gspec",
                  "lineNumber" : 58
                },
                "name" : "aligned vertically all label",
                "highlight" : [ "label", "label" ]
              } ]
            } ]
          }, {
            "name" : "Input section",
            "place" : {
              "filePath" : "testovi/mobileRezervacija.gspec",
              "lineNumber" : 60
            },
            "objects" : [ {
              "name" : "input",
              "specs" : [ {
                "status" : "info",
                "place" : {
                  "filePath" : "testovi/mobileRezervacija.gspec",
                  "lineNumber" : 62
                },
                "name" : "inside partly sadrzaj 97px top",
                "meta" : [ {
                  "from" : {
                    "object" : "input",
                    "edge" : "top"
                  },
                  "to" : {
                    "object" : "sadrzaj",
                    "edge" : "top"
                  },
                  "expectedDistance" : "97px",
                  "realDistance" : "97px"
                } ],
                "highlight" : [ "input", "sadrzaj" ]
              }, {
                "status" : "info",
                "place" : {
                  "filePath" : "testovi/mobileRezervacija.gspec",
                  "lineNumber" : 63
                },
                "name" : "height 19px",
                "meta" : [ {
                  "from" : {
                    "object" : "input",
                    "edge" : "top"
                  },
                  "to" : {
                    "object" : "input",
                    "edge" : "bottom"
                  },
                  "expectedDistance" : "19px",
                  "realDistance" : "19px"
                } ],
                "highlight" : [ "input" ]
              }, {
                "status" : "info",
                "place" : {
                  "filePath" : "testovi/mobileRezervacija.gspec",
                  "lineNumber" : 64
                },
                "name" : "aligned vertically all input",
                "highlight" : [ "input", "input" ]
              } ]
            } ]
          }, {
            "name" : "Prava_tabela section",
            "place" : {
              "filePath" : "testovi/mobileRezervacija.gspec",
              "lineNumber" : 66
            },
            "objects" : [ {
              "name" : "prava_tabela",
              "specs" : [ {
                "status" : "info",
                "place" : {
                  "filePath" : "testovi/mobileRezervacija.gspec",
                  "lineNumber" : 68
                },
                "name" : "inside sadrzaj 258px top, 33px bottom",
                "meta" : [ {
                  "from" : {
                    "object" : "prava_tabela",
                    "edge" : "top"
                  },
                  "to" : {
                    "object" : "sadrzaj",
                    "edge" : "top"
                  },
                  "expectedDistance" : "258px",
                  "realDistance" : "258px"
                }, {
                  "from" : {
                    "object" : "prava_tabela",
                    "edge" : "bottom"
                  },
                  "to" : {
                    "object" : "sadrzaj",
                    "edge" : "bottom"
                  },
                  "expectedDistance" : "33px",
                  "realDistance" : "33px"
                } ],
                "highlight" : [ "prava_tabela", "sadrzaj" ]
              }, {
                "status" : "info",
                "place" : {
                  "filePath" : "testovi/mobileRezervacija.gspec",
                  "lineNumber" : 69
                },
                "name" : "centered horizontally inside form",
                "highlight" : [ "prava_tabela", "form" ]
              }, {
                "status" : "info",
                "place" : {
                  "filePath" : "testovi/mobileRezervacija.gspec",
                  "lineNumber" : 70
                },
                "name" : "width 59% of sadrzaj/width",
                "meta" : [ {
                  "from" : {
                    "object" : "prava_tabela",
                    "edge" : "left"
                  },
                  "to" : {
                    "object" : "prava_tabela",
                    "edge" : "right"
                  },
                  "expectedDistance" : "59% [328px]",
                  "realDistance" : "59% [330px]"
                } ],
                "highlight" : [ "prava_tabela" ]
              } ]
            } ]
          }, {
            "name" : "Dugmad section",
            "place" : {
              "filePath" : "testovi/mobileRezervacija.gspec",
              "lineNumber" : 72
            },
            "objects" : [ {
              "name" : "dugmad",
              "specs" : [ {
                "status" : "info",
                "place" : {
                  "filePath" : "testovi/mobileRezervacija.gspec",
                  "lineNumber" : 74
                },
                "name" : "inside form 1px bottom",
                "meta" : [ {
                  "from" : {
                    "object" : "dugmad",
                    "edge" : "bottom"
                  },
                  "to" : {
                    "object" : "form",
                    "edge" : "bottom"
                  },
                  "expectedDistance" : "1px",
                  "realDistance" : "1px"
                } ],
                "highlight" : [ "dugmad", "form" ]
              }, {
                "status" : "info",
                "place" : {
                  "filePath" : "testovi/mobileRezervacija.gspec",
                  "lineNumber" : 75
                },
                "name" : "height 30px",
                "meta" : [ {
                  "from" : {
                    "object" : "dugmad",
                    "edge" : "top"
                  },
                  "to" : {
                    "object" : "dugmad",
                    "edge" : "bottom"
                  },
                  "expectedDistance" : "30px",
                  "realDistance" : "30px"
                } ],
                "highlight" : [ "dugmad" ]
              }, {
                "status" : "info",
                "place" : {
                  "filePath" : "testovi/mobileRezervacija.gspec",
                  "lineNumber" : 76
                },
                "name" : "width 330px",
                "meta" : [ {
                  "from" : {
                    "object" : "dugmad",
                    "edge" : "left"
                  },
                  "to" : {
                    "object" : "dugmad",
                    "edge" : "right"
                  },
                  "expectedDistance" : "330px",
                  "realDistance" : "330px"
                } ],
                "highlight" : [ "dugmad" ]
              }, {
                "status" : "info",
                "place" : {
                  "filePath" : "testovi/mobileRezervacija.gspec",
                  "lineNumber" : 77
                },
                "name" : "below prava_tabela 0px",
                "meta" : [ {
                  "from" : {
                    "object" : "dugmad",
                    "edge" : "top"
                  },
                  "to" : {
                    "object" : "prava_tabela",
                    "edge" : "bottom"
                  },
                  "expectedDistance" : "0px",
                  "realDistance" : "0px"
                } ],
                "highlight" : [ "dugmad", "prava_tabela" ]
              } ]
            } ]
          } ],
          "objects" : {
            "meni" : {
              "area" : [ 8, 50, 556, 201 ]
            },
            "input" : {
              "area" : [ -101, 368, 792, 19 ]
            },
            "prava_tabela" : {
              "area" : [ 120, 529, 330, 406 ]
            },
            "form" : {
              "area" : [ 10, 284, 551, 682 ]
            },
            "viewport" : {
              "area" : [ 0, 0, 572, 338 ]
            },
            "ul" : {
              "area" : [ 10, 92, 551, 157 ]
            },
            "logo" : {
              "area" : [ 246, 12, 80, 80 ]
            },
            "label" : {
              "area" : [ 25, 284, 536, 28 ]
            },
            "li" : {
              "area" : [ 24, 102, 523, 28 ]
            },
            "sadrzaj" : {
              "area" : [ 8, 271, 556, 697 ]
            },
            "dugmad" : {
              "area" : [ 120, 935, 330, 30 ]
            }
          },
          "screenshot" : "layout-1-screenshot.png",
          "type" : "layout"
        }, {
          "name" : "Mutation testing: testovi/mobileRezervacija.gspec included tags: ",
          "status" : "error",
          "time" : 1573605656998,
          "mutationReport" : {
            "objectMutationStatistics" : {
              "meni" : {
                "passed" : 10,
                "failed" : 0,
                "failedMutations" : [ ]
              },
              "input" : {
                "passed" : 5,
                "failed" : 5,
                "failedMutations" : [ "input: drag left by 5px", "input: drag right by 5px", "input: increase width by 5px", "input: decrease width by 5px", "input: move left edge right by 5px" ]
              },
              "prava_tabela" : {
                "passed" : 10,
                "failed" : 0,
                "failedMutations" : [ ]
              },
              "form" : {
                "passed" : 10,
                "failed" : 0,
                "failedMutations" : [ ]
              },
              "ul" : {
                "passed" : 10,
                "failed" : 0,
                "failedMutations" : [ ]
              },
              "logo" : {
                "passed" : 10,
                "failed" : 0,
                "failedMutations" : [ ]
              },
              "label" : {
                "passed" : 10,
                "failed" : 0,
                "failedMutations" : [ ]
              },
              "li" : {
                "passed" : 5,
                "failed" : 5,
                "failedMutations" : [ "li: drag left by 5px", "li: drag right by 5px", "li: increase width by 5px", "li: decrease width by 5px", "li: move left edge right by 5px" ]
              },
              "sadrzaj" : {
                "passed" : 10,
                "failed" : 0,
                "failedMutations" : [ ]
              },
              "dugmad" : {
                "passed" : 8,
                "failed" : 2,
                "failedMutations" : [ "dugmad: drag left by 5px", "dugmad: drag right by 5px" ]
              }
            },
            "totalPassed" : 88,
            "totalFailed" : 12,
            "failedRatio" : 12.0,
            "totalMutations" : 100
          },
          "type" : "mutation"
        } ],
        "time" : 1573605653223,
        "type" : "node"
      } ],
      "time" : 1573605649105,
      "type" : "node"
    } ]
  }
}