{
  "testId" : "1-mobileunostest.gspec",
  "name" : "mobileunostest.gspec",
  "report" : {
    "nodes" : [ {
      "name" : "Mutation test",
      "status" : "info",
      "nodes" : [ {
        "name" : "check  mobileunostest.gspec --url http://localhost/unos.html --size 590x768 --offset 5 --htmlreport Unos590MRep",
        "status" : "info",
        "nodes" : [ {
          "name" : "FileNotFoundException: mobileunostest.gspec",
          "status" : "error",
          "time" : 1573673548552,
          "stacktrace" : "java.io.FileNotFoundException: mobileunostest.gspec\r\n\tat com.galenframework.speclang2.pagespec.PageSpecReader.read(PageSpecReader.java:43)\r\n\tat com.galenframework.api.mutation.GalenMutate.parseSpec(GalenMutate.java:76)\r\n\tat com.galenframework.api.mutation.GalenMutate.checkAllMutations(GalenMutate.java:51)\r\n\tat com.galenframework.suite.actions.GalenPageActionMutate.execute(GalenPageActionMutate.java:38)\r\n\tat com.galenframework.runner.GalenPageRunner.executeAction(GalenPageRunner.java:84)\r\n\tat com.galenframework.runner.GalenPageRunner.run(GalenPageRunner.java:76)\r\n\tat com.galenframework.runner.GalenBasicTestRunner.runTest(GalenBasicTestRunner.java:76)\r\n\tat com.galenframework.tests.GalenBasicTest.execute(GalenBasicTest.java:55)\r\n\tat com.galenframework.TestRunnable.runTest(TestRunnable.java:75)\r\n\tat com.galenframework.TestRunnable.run(TestRunnable.java:101)\r\n\tat java.util.concurrent.ThreadPoolExecutor.runWorker(Unknown Source)\r\n\tat java.util.concurrent.ThreadPoolExecutor$Worker.run(Unknown Source)\r\n\tat java.lang.Thread.run(Unknown Source)\r\n",
          "type" : "node"
        } ],
        "time" : 1573673548548,
        "type" : "node"
      } ],
      "time" : 1573673544259,
      "type" : "node"
    } ]
  }
}