{
  "testId" : "1-testovi-sale.gspec",
  "name" : "testovi/sale.gspec",
  "report" : {
    "nodes" : [ {
      "name" : "Mutation test",
      "status" : "info",
      "nodes" : [ {
        "name" : "check  testovi/sale.gspec --url http://localhost/sale.html --offset 5 --size 1024x768 --htmlreport izvjestaji/Sale",
        "status" : "info",
        "nodes" : [ {
          "name" : "Check layout: testovi/sale.gspec included tags: ",
          "status" : "info",
          "time" : 1573605784384,
          "sections" : [ {
            "name" : "Logo section",
            "place" : {
              "filePath" : "testovi/sale.gspec",
              "lineNumber" : 14
            },
            "objects" : [ {
              "name" : "logo",
              "specs" : [ {
                "status" : "info",
                "place" : {
                  "filePath" : "testovi/sale.gspec",
                  "lineNumber" : 16
                },
                "name" : "inside partly meni 56px bottom",
                "meta" : [ {
                  "from" : {
                    "object" : "logo",
                    "edge" : "bottom"
                  },
                  "to" : {
                    "object" : "meni",
                    "edge" : "bottom"
                  },
                  "expectedDistance" : "56px",
                  "realDistance" : "56px"
                } ],
                "highlight" : [ "logo", "meni" ]
              }, {
                "status" : "info",
                "place" : {
                  "filePath" : "testovi/sale.gspec",
                  "lineNumber" : 17
                },
                "name" : "width  80px",
                "meta" : [ {
                  "from" : {
                    "object" : "logo",
                    "edge" : "left"
                  },
                  "to" : {
                    "object" : "logo",
                    "edge" : "right"
                  },
                  "expectedDistance" : "80px",
                  "realDistance" : "80px"
                } ],
                "highlight" : [ "logo" ]
              }, {
                "status" : "info",
                "place" : {
                  "filePath" : "testovi/sale.gspec",
                  "lineNumber" : 18
                },
                "name" : "height 80px",
                "meta" : [ {
                  "from" : {
                    "object" : "logo",
                    "edge" : "top"
                  },
                  "to" : {
                    "object" : "logo",
                    "edge" : "bottom"
                  },
                  "expectedDistance" : "80px",
                  "realDistance" : "80px"
                } ],
                "highlight" : [ "logo" ]
              }, {
                "status" : "info",
                "place" : {
                  "filePath" : "testovi/sale.gspec",
                  "lineNumber" : 19
                },
                "name" : "centered horizontally inside meni",
                "highlight" : [ "logo", "meni" ]
              } ]
            } ]
          }, {
            "name" : "Meni section",
            "place" : {
              "filePath" : "testovi/sale.gspec",
              "lineNumber" : 21
            },
            "objects" : [ {
              "name" : "meni",
              "specs" : [ {
                "status" : "info",
                "place" : {
                  "filePath" : "testovi/sale.gspec",
                  "lineNumber" : 23
                },
                "name" : "above sadrzaj 5 to 25px",
                "meta" : [ {
                  "from" : {
                    "object" : "meni",
                    "edge" : "bottom"
                  },
                  "to" : {
                    "object" : "sadrzaj",
                    "edge" : "top"
                  },
                  "expectedDistance" : "5 to 25px",
                  "realDistance" : "20px"
                } ],
                "highlight" : [ "meni", "sadrzaj" ]
              }, {
                "status" : "info",
                "place" : {
                  "filePath" : "testovi/sale.gspec",
                  "lineNumber" : 24
                },
                "name" : "height 98px",
                "meta" : [ {
                  "from" : {
                    "object" : "meni",
                    "edge" : "top"
                  },
                  "to" : {
                    "object" : "meni",
                    "edge" : "bottom"
                  },
                  "expectedDistance" : "98px",
                  "realDistance" : "98px"
                } ],
                "highlight" : [ "meni" ]
              } ]
            } ]
          }, {
            "name" : "Ul section",
            "place" : {
              "filePath" : "testovi/sale.gspec",
              "lineNumber" : 26
            },
            "objects" : [ {
              "name" : "ul",
              "specs" : [ {
                "status" : "info",
                "place" : {
                  "filePath" : "testovi/sale.gspec",
                  "lineNumber" : 28
                },
                "name" : "inside meni 50 to 80px top, 1 to 5px bottom",
                "meta" : [ {
                  "from" : {
                    "object" : "ul",
                    "edge" : "top"
                  },
                  "to" : {
                    "object" : "meni",
                    "edge" : "top"
                  },
                  "expectedDistance" : "50 to 80px",
                  "realDistance" : "62px"
                }, {
                  "from" : {
                    "object" : "ul",
                    "edge" : "bottom"
                  },
                  "to" : {
                    "object" : "meni",
                    "edge" : "bottom"
                  },
                  "expectedDistance" : "1 to 5px",
                  "realDistance" : "3px"
                } ],
                "highlight" : [ "ul", "meni" ]
              }, {
                "status" : "info",
                "place" : {
                  "filePath" : "testovi/sale.gspec",
                  "lineNumber" : 29
                },
                "name" : "width 90 to 100% of meni/width",
                "meta" : [ {
                  "from" : {
                    "object" : "ul",
                    "edge" : "left"
                  },
                  "to" : {
                    "object" : "ul",
                    "edge" : "right"
                  },
                  "expectedDistance" : "90 to 100% [882 to 980px]",
                  "realDistance" : "99% [975px]"
                } ],
                "highlight" : [ "ul" ]
              }, {
                "status" : "info",
                "place" : {
                  "filePath" : "testovi/sale.gspec",
                  "lineNumber" : 30
                },
                "name" : "centered horizontally inside meni",
                "highlight" : [ "ul", "meni" ]
              }, {
                "status" : "info",
                "place" : {
                  "filePath" : "testovi/sale.gspec",
                  "lineNumber" : 31
                },
                "name" : "height 33px",
                "meta" : [ {
                  "from" : {
                    "object" : "ul",
                    "edge" : "top"
                  },
                  "to" : {
                    "object" : "ul",
                    "edge" : "bottom"
                  },
                  "expectedDistance" : "33px",
                  "realDistance" : "33px"
                } ],
                "highlight" : [ "ul" ]
              } ]
            } ]
          }, {
            "name" : "Li section",
            "place" : {
              "filePath" : "testovi/sale.gspec",
              "lineNumber" : 33
            },
            "objects" : [ {
              "name" : "li",
              "specs" : [ {
                "status" : "info",
                "place" : {
                  "filePath" : "testovi/sale.gspec",
                  "lineNumber" : 35
                },
                "name" : "inside meni",
                "meta" : [ ],
                "highlight" : [ "li", "meni" ]
              }, {
                "status" : "info",
                "place" : {
                  "filePath" : "testovi/sale.gspec",
                  "lineNumber" : 36
                },
                "name" : "aligned horizontally all li",
                "highlight" : [ "li", "li" ]
              }, {
                "status" : "info",
                "place" : {
                  "filePath" : "testovi/sale.gspec",
                  "lineNumber" : 37
                },
                "name" : "height 17px",
                "meta" : [ {
                  "from" : {
                    "object" : "li",
                    "edge" : "top"
                  },
                  "to" : {
                    "object" : "li",
                    "edge" : "bottom"
                  },
                  "expectedDistance" : "17px",
                  "realDistance" : "17px"
                } ],
                "highlight" : [ "li" ]
              }, {
                "status" : "info",
                "place" : {
                  "filePath" : "testovi/sale.gspec",
                  "lineNumber" : 38
                },
                "name" : "inside ul 10px top, 6px bottom",
                "meta" : [ {
                  "from" : {
                    "object" : "li",
                    "edge" : "top"
                  },
                  "to" : {
                    "object" : "ul",
                    "edge" : "top"
                  },
                  "expectedDistance" : "10px",
                  "realDistance" : "10px"
                }, {
                  "from" : {
                    "object" : "li",
                    "edge" : "bottom"
                  },
                  "to" : {
                    "object" : "ul",
                    "edge" : "bottom"
                  },
                  "expectedDistance" : "6px",
                  "realDistance" : "6px"
                } ],
                "highlight" : [ "li", "ul" ]
              } ]
            } ]
          }, {
            "name" : "Sadrzaj section",
            "place" : {
              "filePath" : "testovi/sale.gspec",
              "lineNumber" : 41
            },
            "objects" : [ {
              "name" : "sadrzaj",
              "specs" : [ {
                "status" : "info",
                "place" : {
                  "filePath" : "testovi/sale.gspec",
                  "lineNumber" : 43
                },
                "name" : "centered horizontally inside viewport",
                "highlight" : [ "sadrzaj", "viewport" ]
              }, {
                "status" : "info",
                "place" : {
                  "filePath" : "testovi/sale.gspec",
                  "lineNumber" : 44
                },
                "name" : "below meni 20px",
                "meta" : [ {
                  "from" : {
                    "object" : "sadrzaj",
                    "edge" : "top"
                  },
                  "to" : {
                    "object" : "meni",
                    "edge" : "bottom"
                  },
                  "expectedDistance" : "20px",
                  "realDistance" : "20px"
                } ],
                "highlight" : [ "sadrzaj", "meni" ]
              } ]
            } ]
          }, {
            "name" : "TabelaSala section",
            "place" : {
              "filePath" : "testovi/sale.gspec",
              "lineNumber" : 46
            },
            "objects" : [ {
              "name" : "tabelaSala",
              "specs" : [ {
                "status" : "info",
                "place" : {
                  "filePath" : "testovi/sale.gspec",
                  "lineNumber" : 48
                },
                "name" : "inside sadrzaj",
                "meta" : [ ],
                "highlight" : [ "tabelaSala", "sadrzaj" ]
              }, {
                "status" : "info",
                "place" : {
                  "filePath" : "testovi/sale.gspec",
                  "lineNumber" : 49
                },
                "name" : "below meni",
                "meta" : [ {
                  "from" : {
                    "object" : "tabelaSala",
                    "edge" : "top"
                  },
                  "to" : {
                    "object" : "meni",
                    "edge" : "bottom"
                  },
                  "expectedDistance" : ">= 0px",
                  "realDistance" : "32px"
                } ],
                "highlight" : [ "tabelaSala", "meni" ]
              }, {
                "status" : "info",
                "place" : {
                  "filePath" : "testovi/sale.gspec",
                  "lineNumber" : 50
                },
                "name" : "centered all inside sadrzaj",
                "highlight" : [ "tabelaSala", "sadrzaj" ]
              }, {
                "status" : "info",
                "place" : {
                  "filePath" : "testovi/sale.gspec",
                  "lineNumber" : 51
                },
                "name" : "contains headerRedni, headerSprat, sala",
                "highlight" : [ "tabelaSala", "headerRedni", "headerSprat", "sala" ]
              } ]
            } ]
          }, {
            "name" : "HeaderSprat section",
            "place" : {
              "filePath" : "testovi/sale.gspec",
              "lineNumber" : 53
            },
            "objects" : [ {
              "name" : "headerSprat",
              "specs" : [ {
                "status" : "info",
                "place" : {
                  "filePath" : "testovi/sale.gspec",
                  "lineNumber" : 55
                },
                "name" : "inside tabelaSala",
                "meta" : [ ],
                "highlight" : [ "headerSprat", "tabelaSala" ]
              }, {
                "status" : "info",
                "place" : {
                  "filePath" : "testovi/sale.gspec",
                  "lineNumber" : 56
                },
                "name" : "width 72% of tabelaSala/width",
                "meta" : [ {
                  "from" : {
                    "object" : "headerSprat",
                    "edge" : "left"
                  },
                  "to" : {
                    "object" : "headerSprat",
                    "edge" : "right"
                  },
                  "expectedDistance" : "72% [239px]",
                  "realDistance" : "72% [241px]"
                } ],
                "highlight" : [ "headerSprat" ]
              }, {
                "status" : "info",
                "place" : {
                  "filePath" : "testovi/sale.gspec",
                  "lineNumber" : 57
                },
                "name" : "on top edge tabelaSala -91px left, 91px right",
                "highlight" : [ "headerSprat", "tabelaSala" ]
              }, {
                "status" : "info",
                "place" : {
                  "filePath" : "testovi/sale.gspec",
                  "lineNumber" : 58
                },
                "name" : "width 241px",
                "meta" : [ {
                  "from" : {
                    "object" : "headerSprat",
                    "edge" : "left"
                  },
                  "to" : {
                    "object" : "headerSprat",
                    "edge" : "right"
                  },
                  "expectedDistance" : "241px",
                  "realDistance" : "241px"
                } ],
                "highlight" : [ "headerSprat" ]
              }, {
                "status" : "info",
                "place" : {
                  "filePath" : "testovi/sale.gspec",
                  "lineNumber" : 59
                },
                "name" : "height 49px",
                "meta" : [ {
                  "from" : {
                    "object" : "headerSprat",
                    "edge" : "top"
                  },
                  "to" : {
                    "object" : "headerSprat",
                    "edge" : "bottom"
                  },
                  "expectedDistance" : "49px",
                  "realDistance" : "49px"
                } ],
                "highlight" : [ "headerSprat" ]
              } ]
            } ]
          }, {
            "name" : "Td.headerSprat section",
            "place" : {
              "filePath" : "testovi/sale.gspec",
              "lineNumber" : 61
            },
            "objects" : [ {
              "name" : "td.headerSprat",
              "specs" : [ {
                "status" : "info",
                "place" : {
                  "filePath" : "testovi/sale.gspec",
                  "lineNumber" : 63
                },
                "name" : "inside tabelaSala",
                "meta" : [ ],
                "highlight" : [ "td.headerSprat", "tabelaSala" ]
              }, {
                "status" : "info",
                "place" : {
                  "filePath" : "testovi/sale.gspec",
                  "lineNumber" : 64
                },
                "name" : "below headerSprat",
                "meta" : [ {
                  "from" : {
                    "object" : "td.headerSprat",
                    "edge" : "top"
                  },
                  "to" : {
                    "object" : "headerSprat",
                    "edge" : "bottom"
                  },
                  "expectedDistance" : ">= 0px",
                  "realDistance" : "0px"
                } ],
                "highlight" : [ "td.headerSprat", "headerSprat" ]
              }, {
                "status" : "info",
                "place" : {
                  "filePath" : "testovi/sale.gspec",
                  "lineNumber" : 65
                },
                "name" : "height 53px",
                "meta" : [ {
                  "from" : {
                    "object" : "td.headerSprat",
                    "edge" : "top"
                  },
                  "to" : {
                    "object" : "td.headerSprat",
                    "edge" : "bottom"
                  },
                  "expectedDistance" : "53px",
                  "realDistance" : "53px"
                } ],
                "highlight" : [ "td.headerSprat" ]
              }, {
                "status" : "info",
                "place" : {
                  "filePath" : "testovi/sale.gspec",
                  "lineNumber" : 66
                },
                "name" : "width 45px",
                "meta" : [ {
                  "from" : {
                    "object" : "td.headerSprat",
                    "edge" : "left"
                  },
                  "to" : {
                    "object" : "td.headerSprat",
                    "edge" : "right"
                  },
                  "expectedDistance" : "45px",
                  "realDistance" : "45px"
                } ],
                "highlight" : [ "td.headerSprat" ]
              }, {
                "status" : "info",
                "place" : {
                  "filePath" : "testovi/sale.gspec",
                  "lineNumber" : 67
                },
                "name" : "aligned horizontally all td.headerSprat",
                "highlight" : [ "td.headerSprat", "td.headerSprat" ]
              }, {
                "status" : "info",
                "place" : {
                  "filePath" : "testovi/sale.gspec",
                  "lineNumber" : 68
                },
                "name" : "above sala",
                "meta" : [ {
                  "from" : {
                    "object" : "td.headerSprat",
                    "edge" : "bottom"
                  },
                  "to" : {
                    "object" : "sala",
                    "edge" : "top"
                  },
                  "expectedDistance" : ">= 0px",
                  "realDistance" : "0px"
                } ],
                "highlight" : [ "td.headerSprat", "sala" ]
              }, {
                "status" : "info",
                "place" : {
                  "filePath" : "testovi/sale.gspec",
                  "lineNumber" : 69
                },
                "name" : "right-of headerRedni 0px",
                "meta" : [ {
                  "from" : {
                    "object" : "td.headerSprat",
                    "edge" : "left"
                  },
                  "to" : {
                    "object" : "headerRedni",
                    "edge" : "right"
                  },
                  "expectedDistance" : "0px",
                  "realDistance" : "0px"
                } ],
                "highlight" : [ "td.headerSprat", "headerRedni" ]
              } ]
            } ]
          }, {
            "name" : "HeaderRedni section",
            "place" : {
              "filePath" : "testovi/sale.gspec",
              "lineNumber" : 71
            },
            "objects" : [ {
              "name" : "headerRedni",
              "specs" : [ {
                "status" : "info",
                "place" : {
                  "filePath" : "testovi/sale.gspec",
                  "lineNumber" : 73
                },
                "name" : "inside tabelaSala",
                "meta" : [ ],
                "highlight" : [ "headerRedni", "tabelaSala" ]
              }, {
                "status" : "info",
                "place" : {
                  "filePath" : "testovi/sale.gspec",
                  "lineNumber" : 74
                },
                "name" : "width 27% of tabelaSala/width",
                "meta" : [ {
                  "from" : {
                    "object" : "headerRedni",
                    "edge" : "left"
                  },
                  "to" : {
                    "object" : "headerRedni",
                    "edge" : "right"
                  },
                  "expectedDistance" : "27% [89px]",
                  "realDistance" : "27% [91px]"
                } ],
                "highlight" : [ "headerRedni" ]
              }, {
                "status" : "info",
                "place" : {
                  "filePath" : "testovi/sale.gspec",
                  "lineNumber" : 75
                },
                "name" : "on top left edge tabelaSala 50px bottom, 0px right",
                "highlight" : [ "headerRedni", "tabelaSala" ]
              }, {
                "status" : "info",
                "place" : {
                  "filePath" : "testovi/sale.gspec",
                  "lineNumber" : 76
                },
                "name" : "width 91px",
                "meta" : [ {
                  "from" : {
                    "object" : "headerRedni",
                    "edge" : "left"
                  },
                  "to" : {
                    "object" : "headerRedni",
                    "edge" : "right"
                  },
                  "expectedDistance" : "91px",
                  "realDistance" : "91px"
                } ],
                "highlight" : [ "headerRedni" ]
              }, {
                "status" : "info",
                "place" : {
                  "filePath" : "testovi/sale.gspec",
                  "lineNumber" : 77
                },
                "name" : "height 53px",
                "meta" : [ {
                  "from" : {
                    "object" : "headerRedni",
                    "edge" : "top"
                  },
                  "to" : {
                    "object" : "headerRedni",
                    "edge" : "bottom"
                  },
                  "expectedDistance" : "53px",
                  "realDistance" : "53px"
                } ],
                "highlight" : [ "headerRedni" ]
              }, {
                "status" : "info",
                "place" : {
                  "filePath" : "testovi/sale.gspec",
                  "lineNumber" : 78
                },
                "name" : "left-of sala 0px",
                "meta" : [ {
                  "from" : {
                    "object" : "headerRedni",
                    "edge" : "right"
                  },
                  "to" : {
                    "object" : "sala",
                    "edge" : "left"
                  },
                  "expectedDistance" : "0px",
                  "realDistance" : "0px"
                } ],
                "highlight" : [ "headerRedni", "sala" ]
              }, {
                "status" : "info",
                "place" : {
                  "filePath" : "testovi/sale.gspec",
                  "lineNumber" : 79
                },
                "name" : "left-of td.headerSprat 0px",
                "meta" : [ {
                  "from" : {
                    "object" : "headerRedni",
                    "edge" : "right"
                  },
                  "to" : {
                    "object" : "td.headerSprat",
                    "edge" : "left"
                  },
                  "expectedDistance" : "0px",
                  "realDistance" : "0px"
                } ],
                "highlight" : [ "headerRedni", "td.headerSprat" ]
              } ]
            } ]
          }, {
            "name" : "Td.headerRedni section",
            "place" : {
              "filePath" : "testovi/sale.gspec",
              "lineNumber" : 81
            },
            "objects" : [ {
              "name" : "td.headerRedni",
              "specs" : [ {
                "status" : "info",
                "place" : {
                  "filePath" : "testovi/sale.gspec",
                  "lineNumber" : 83
                },
                "name" : "inside tabelaSala",
                "meta" : [ ],
                "highlight" : [ "td.headerRedni", "tabelaSala" ]
              }, {
                "status" : "info",
                "place" : {
                  "filePath" : "testovi/sale.gspec",
                  "lineNumber" : 84
                },
                "name" : "width 27% of tabelaSala/width",
                "meta" : [ {
                  "from" : {
                    "object" : "td.headerRedni",
                    "edge" : "left"
                  },
                  "to" : {
                    "object" : "td.headerRedni",
                    "edge" : "right"
                  },
                  "expectedDistance" : "27% [89px]",
                  "realDistance" : "27% [91px]"
                } ],
                "highlight" : [ "td.headerRedni" ]
              }, {
                "status" : "info",
                "place" : {
                  "filePath" : "testovi/sale.gspec",
                  "lineNumber" : 85
                },
                "name" : "on left edge tabelaSala 0px right",
                "highlight" : [ "td.headerRedni", "tabelaSala" ]
              }, {
                "status" : "info",
                "place" : {
                  "filePath" : "testovi/sale.gspec",
                  "lineNumber" : 86
                },
                "name" : "width 91px",
                "meta" : [ {
                  "from" : {
                    "object" : "td.headerRedni",
                    "edge" : "left"
                  },
                  "to" : {
                    "object" : "td.headerRedni",
                    "edge" : "right"
                  },
                  "expectedDistance" : "91px",
                  "realDistance" : "91px"
                } ],
                "highlight" : [ "td.headerRedni" ]
              }, {
                "status" : "info",
                "place" : {
                  "filePath" : "testovi/sale.gspec",
                  "lineNumber" : 87
                },
                "name" : "height 72px",
                "meta" : [ {
                  "from" : {
                    "object" : "td.headerRedni",
                    "edge" : "top"
                  },
                  "to" : {
                    "object" : "td.headerRedni",
                    "edge" : "bottom"
                  },
                  "expectedDistance" : "72px",
                  "realDistance" : "72px"
                } ],
                "highlight" : [ "td.headerRedni" ]
              }, {
                "status" : "info",
                "place" : {
                  "filePath" : "testovi/sale.gspec",
                  "lineNumber" : 88
                },
                "name" : "left-of sala 0px",
                "meta" : [ {
                  "from" : {
                    "object" : "td.headerRedni",
                    "edge" : "right"
                  },
                  "to" : {
                    "object" : "sala",
                    "edge" : "left"
                  },
                  "expectedDistance" : "0px",
                  "realDistance" : "0px"
                } ],
                "highlight" : [ "td.headerRedni", "sala" ]
              }, {
                "status" : "info",
                "place" : {
                  "filePath" : "testovi/sale.gspec",
                  "lineNumber" : 89
                },
                "name" : "left-of td.headerSprat 0px",
                "meta" : [ {
                  "from" : {
                    "object" : "td.headerRedni",
                    "edge" : "right"
                  },
                  "to" : {
                    "object" : "td.headerSprat",
                    "edge" : "left"
                  },
                  "expectedDistance" : "0px",
                  "realDistance" : "0px"
                } ],
                "highlight" : [ "td.headerRedni", "td.headerSprat" ]
              }, {
                "status" : "info",
                "place" : {
                  "filePath" : "testovi/sale.gspec",
                  "lineNumber" : 90
                },
                "name" : "aligned horizontally all td.headerRedni",
                "highlight" : [ "td.headerRedni", "td.headerRedni" ]
              } ]
            } ]
          }, {
            "name" : "Sala section",
            "place" : {
              "filePath" : "testovi/sale.gspec",
              "lineNumber" : 92
            },
            "objects" : [ {
              "name" : "sala",
              "specs" : [ {
                "status" : "info",
                "place" : {
                  "filePath" : "testovi/sale.gspec",
                  "lineNumber" : 94
                },
                "name" : "inside tabelaSala",
                "meta" : [ ],
                "highlight" : [ "sala", "tabelaSala" ]
              }, {
                "status" : "info",
                "place" : {
                  "filePath" : "testovi/sale.gspec",
                  "lineNumber" : 95
                },
                "name" : "right-of td.headerRedni 0px",
                "meta" : [ {
                  "from" : {
                    "object" : "sala",
                    "edge" : "left"
                  },
                  "to" : {
                    "object" : "td.headerRedni",
                    "edge" : "right"
                  },
                  "expectedDistance" : "0px",
                  "realDistance" : "0px"
                } ],
                "highlight" : [ "sala", "td.headerRedni" ]
              }, {
                "status" : "info",
                "place" : {
                  "filePath" : "testovi/sale.gspec",
                  "lineNumber" : 96
                },
                "name" : "below td.headerSprat 0px",
                "meta" : [ {
                  "from" : {
                    "object" : "sala",
                    "edge" : "top"
                  },
                  "to" : {
                    "object" : "td.headerSprat",
                    "edge" : "bottom"
                  },
                  "expectedDistance" : "0px",
                  "realDistance" : "0px"
                } ],
                "highlight" : [ "sala", "td.headerSprat" ]
              }, {
                "status" : "info",
                "place" : {
                  "filePath" : "testovi/sale.gspec",
                  "lineNumber" : 97
                },
                "name" : "height 72px",
                "meta" : [ {
                  "from" : {
                    "object" : "sala",
                    "edge" : "top"
                  },
                  "to" : {
                    "object" : "sala",
                    "edge" : "bottom"
                  },
                  "expectedDistance" : "72px",
                  "realDistance" : "72px"
                } ],
                "highlight" : [ "sala" ]
              }, {
                "status" : "info",
                "place" : {
                  "filePath" : "testovi/sale.gspec",
                  "lineNumber" : 98
                },
                "name" : "width 45px",
                "meta" : [ {
                  "from" : {
                    "object" : "sala",
                    "edge" : "left"
                  },
                  "to" : {
                    "object" : "sala",
                    "edge" : "right"
                  },
                  "expectedDistance" : "45px",
                  "realDistance" : "45px"
                } ],
                "highlight" : [ "sala" ]
              } ]
            } ]
          } ],
          "objects" : {
            "meni" : {
              "area" : [ 8, 50, 980, 98 ]
            },
            "td.headerRedni" : {
              "area" : [ 331, 283, 91, 72 ]
            },
            "headerSprat" : {
              "area" : [ 422, 181, 241, 49 ]
            },
            "viewport" : {
              "area" : [ 0, 0, 996, 688 ]
            },
            "sala" : {
              "area" : [ 422, 283, 45, 72 ]
            },
            "ul" : {
              "area" : [ 10, 112, 975, 33 ]
            },
            "logo" : {
              "area" : [ 458, 12, 80, 80 ]
            },
            "headerRedni" : {
              "area" : [ 331, 230, 91, 53 ]
            },
            "li" : {
              "area" : [ 34, 122, 96, 17 ]
            },
            "sadrzaj" : {
              "area" : [ 8, 168, 980, 777 ]
            },
            "td.headerSprat" : {
              "area" : [ 422, 230, 45, 53 ]
            },
            "tabelaSala" : {
              "area" : [ 331, 180, 332, 753 ]
            }
          },
          "screenshot" : "layout-1-screenshot.png",
          "type" : "layout"
        }, {
          "name" : "Mutation testing: testovi/sale.gspec included tags: ",
          "status" : "error",
          "time" : 1573605784384,
          "mutationReport" : {
            "objectMutationStatistics" : {
              "meni" : {
                "passed" : 10,
                "failed" : 0,
                "failedMutations" : [ ]
              },
              "td.headerRedni" : {
                "passed" : 8,
                "failed" : 2,
                "failedMutations" : [ "td.headerRedni: drag top by 5px", "td.headerRedni: drag down by 5px" ]
              },
              "headerSprat" : {
                "passed" : 10,
                "failed" : 0,
                "failedMutations" : [ ]
              },
              "sala" : {
                "passed" : 10,
                "failed" : 0,
                "failedMutations" : [ ]
              },
              "ul" : {
                "passed" : 10,
                "failed" : 0,
                "failedMutations" : [ ]
              },
              "logo" : {
                "passed" : 10,
                "failed" : 0,
                "failedMutations" : [ ]
              },
              "headerRedni" : {
                "passed" : 10,
                "failed" : 0,
                "failedMutations" : [ ]
              },
              "li" : {
                "passed" : 5,
                "failed" : 5,
                "failedMutations" : [ "li: drag left by 5px", "li: drag right by 5px", "li: increase width by 5px", "li: decrease width by 5px", "li: move left edge right by 5px" ]
              },
              "sadrzaj" : {
                "passed" : 10,
                "failed" : 0,
                "failedMutations" : [ ]
              },
              "td.headerSprat" : {
                "passed" : 10,
                "failed" : 0,
                "failedMutations" : [ ]
              },
              "tabelaSala" : {
                "passed" : 10,
                "failed" : 0,
                "failedMutations" : [ ]
              }
            },
            "totalPassed" : 103,
            "totalFailed" : 7,
            "failedRatio" : 6.363636363636363,
            "totalMutations" : 110
          },
          "type" : "mutation"
        } ],
        "time" : 1573605778348,
        "type" : "node"
      } ],
      "time" : 1573605773222,
      "type" : "node"
    } ]
  }
}