{
  "testId" : "1-testovi-mobileunos.gspec",
  "name" : "testovi/mobileUnos.gspec",
  "report" : {
    "nodes" : [ {
      "name" : "Mutation test",
      "status" : "info",
      "nodes" : [ {
        "name" : "check  testovi/mobileUnos.gspec --url http://localhost/unos.html --offset 5 --size 600x434 --htmlreport izvjestaji/MobileUnos",
        "status" : "info",
        "nodes" : [ {
          "name" : "Check layout: testovi/mobileUnos.gspec included tags: ",
          "status" : "info",
          "time" : 1573605488227,
          "sections" : [ {
            "name" : "Logo section",
            "place" : {
              "filePath" : "testovi/mobileUnos.gspec",
              "lineNumber" : 12
            },
            "objects" : [ {
              "name" : "logo",
              "specs" : [ {
                "status" : "info",
                "place" : {
                  "filePath" : "testovi/mobileUnos.gspec",
                  "lineNumber" : 14
                },
                "name" : "inside partly meni 159px bottom",
                "meta" : [ {
                  "from" : {
                    "object" : "logo",
                    "edge" : "bottom"
                  },
                  "to" : {
                    "object" : "meni",
                    "edge" : "bottom"
                  },
                  "expectedDistance" : "159px",
                  "realDistance" : "159px"
                } ],
                "highlight" : [ "logo", "meni" ]
              }, {
                "status" : "info",
                "place" : {
                  "filePath" : "testovi/mobileUnos.gspec",
                  "lineNumber" : 15
                },
                "name" : "width  80px",
                "meta" : [ {
                  "from" : {
                    "object" : "logo",
                    "edge" : "left"
                  },
                  "to" : {
                    "object" : "logo",
                    "edge" : "right"
                  },
                  "expectedDistance" : "80px",
                  "realDistance" : "80px"
                } ],
                "highlight" : [ "logo" ]
              }, {
                "status" : "info",
                "place" : {
                  "filePath" : "testovi/mobileUnos.gspec",
                  "lineNumber" : 16
                },
                "name" : "height 80px",
                "meta" : [ {
                  "from" : {
                    "object" : "logo",
                    "edge" : "top"
                  },
                  "to" : {
                    "object" : "logo",
                    "edge" : "bottom"
                  },
                  "expectedDistance" : "80px",
                  "realDistance" : "80px"
                } ],
                "highlight" : [ "logo" ]
              }, {
                "status" : "info",
                "place" : {
                  "filePath" : "testovi/mobileUnos.gspec",
                  "lineNumber" : 17
                },
                "name" : "centered horizontally inside meni",
                "highlight" : [ "logo", "meni" ]
              } ]
            } ]
          }, {
            "name" : "Meni section",
            "place" : {
              "filePath" : "testovi/mobileUnos.gspec",
              "lineNumber" : 19
            },
            "objects" : [ {
              "name" : "meni",
              "specs" : [ {
                "status" : "info",
                "place" : {
                  "filePath" : "testovi/mobileUnos.gspec",
                  "lineNumber" : 21
                },
                "name" : "above sadrzaj 5 to 25px",
                "meta" : [ {
                  "from" : {
                    "object" : "meni",
                    "edge" : "bottom"
                  },
                  "to" : {
                    "object" : "sadrzaj",
                    "edge" : "top"
                  },
                  "expectedDistance" : "5 to 25px",
                  "realDistance" : "20px"
                } ],
                "highlight" : [ "meni", "sadrzaj" ]
              }, {
                "status" : "info",
                "place" : {
                  "filePath" : "testovi/mobileUnos.gspec",
                  "lineNumber" : 22
                },
                "name" : "height 201px",
                "meta" : [ {
                  "from" : {
                    "object" : "meni",
                    "edge" : "top"
                  },
                  "to" : {
                    "object" : "meni",
                    "edge" : "bottom"
                  },
                  "expectedDistance" : "201px",
                  "realDistance" : "201px"
                } ],
                "highlight" : [ "meni" ]
              } ]
            } ]
          }, {
            "name" : "Ul section",
            "place" : {
              "filePath" : "testovi/mobileUnos.gspec",
              "lineNumber" : 24
            },
            "objects" : [ {
              "name" : "ul",
              "specs" : [ {
                "status" : "info",
                "place" : {
                  "filePath" : "testovi/mobileUnos.gspec",
                  "lineNumber" : 26
                },
                "name" : "inside meni 30 to 60px top, 1 to 5px bottom",
                "meta" : [ {
                  "from" : {
                    "object" : "ul",
                    "edge" : "top"
                  },
                  "to" : {
                    "object" : "meni",
                    "edge" : "top"
                  },
                  "expectedDistance" : "30 to 60px",
                  "realDistance" : "42px"
                }, {
                  "from" : {
                    "object" : "ul",
                    "edge" : "bottom"
                  },
                  "to" : {
                    "object" : "meni",
                    "edge" : "bottom"
                  },
                  "expectedDistance" : "1 to 5px",
                  "realDistance" : "2px"
                } ],
                "highlight" : [ "ul", "meni" ]
              }, {
                "status" : "info",
                "place" : {
                  "filePath" : "testovi/mobileUnos.gspec",
                  "lineNumber" : 27
                },
                "name" : "width 90 to 100% of meni/width",
                "meta" : [ {
                  "from" : {
                    "object" : "ul",
                    "edge" : "left"
                  },
                  "to" : {
                    "object" : "ul",
                    "edge" : "right"
                  },
                  "expectedDistance" : "90 to 100% [500 to 556px]",
                  "realDistance" : "99% [551px]"
                } ],
                "highlight" : [ "ul" ]
              }, {
                "status" : "info",
                "place" : {
                  "filePath" : "testovi/mobileUnos.gspec",
                  "lineNumber" : 28
                },
                "name" : "centered horizontally inside meni",
                "highlight" : [ "ul", "meni" ]
              }, {
                "status" : "info",
                "place" : {
                  "filePath" : "testovi/mobileUnos.gspec",
                  "lineNumber" : 29
                },
                "name" : "height 157px",
                "meta" : [ {
                  "from" : {
                    "object" : "ul",
                    "edge" : "top"
                  },
                  "to" : {
                    "object" : "ul",
                    "edge" : "bottom"
                  },
                  "expectedDistance" : "157px",
                  "realDistance" : "157px"
                } ],
                "highlight" : [ "ul" ]
              } ]
            } ]
          }, {
            "name" : "Li section",
            "place" : {
              "filePath" : "testovi/mobileUnos.gspec",
              "lineNumber" : 31
            },
            "objects" : [ {
              "name" : "li",
              "specs" : [ {
                "status" : "info",
                "place" : {
                  "filePath" : "testovi/mobileUnos.gspec",
                  "lineNumber" : 33
                },
                "name" : "inside meni",
                "meta" : [ ],
                "highlight" : [ "li", "meni" ]
              }, {
                "status" : "info",
                "place" : {
                  "filePath" : "testovi/mobileUnos.gspec",
                  "lineNumber" : 34
                },
                "name" : "aligned vertically all li",
                "highlight" : [ "li", "li" ]
              }, {
                "status" : "info",
                "place" : {
                  "filePath" : "testovi/mobileUnos.gspec",
                  "lineNumber" : 35
                },
                "name" : "height 28px",
                "meta" : [ {
                  "from" : {
                    "object" : "li",
                    "edge" : "top"
                  },
                  "to" : {
                    "object" : "li",
                    "edge" : "bottom"
                  },
                  "expectedDistance" : "28px",
                  "realDistance" : "28px"
                } ],
                "highlight" : [ "li" ]
              }, {
                "status" : "info",
                "place" : {
                  "filePath" : "testovi/mobileUnos.gspec",
                  "lineNumber" : 36
                },
                "name" : "inside ul 10px top, 119px bottom",
                "meta" : [ {
                  "from" : {
                    "object" : "li",
                    "edge" : "top"
                  },
                  "to" : {
                    "object" : "ul",
                    "edge" : "top"
                  },
                  "expectedDistance" : "10px",
                  "realDistance" : "10px"
                }, {
                  "from" : {
                    "object" : "li",
                    "edge" : "bottom"
                  },
                  "to" : {
                    "object" : "ul",
                    "edge" : "bottom"
                  },
                  "expectedDistance" : "119px",
                  "realDistance" : "119px"
                } ],
                "highlight" : [ "li", "ul" ]
              } ]
            } ]
          }, {
            "name" : "Sadrzaj section",
            "place" : {
              "filePath" : "testovi/mobileUnos.gspec",
              "lineNumber" : 39
            },
            "objects" : [ {
              "name" : "sadrzaj",
              "specs" : [ {
                "status" : "info",
                "place" : {
                  "filePath" : "testovi/mobileUnos.gspec",
                  "lineNumber" : 41
                },
                "name" : "centered horizontally inside viewport",
                "highlight" : [ "sadrzaj", "viewport" ]
              }, {
                "status" : "info",
                "place" : {
                  "filePath" : "testovi/mobileUnos.gspec",
                  "lineNumber" : 42
                },
                "name" : "height 379px",
                "meta" : [ {
                  "from" : {
                    "object" : "sadrzaj",
                    "edge" : "top"
                  },
                  "to" : {
                    "object" : "sadrzaj",
                    "edge" : "bottom"
                  },
                  "expectedDistance" : "379px",
                  "realDistance" : "379px"
                } ],
                "highlight" : [ "sadrzaj" ]
              }, {
                "status" : "info",
                "place" : {
                  "filePath" : "testovi/mobileUnos.gspec",
                  "lineNumber" : 43
                },
                "name" : "below meni 20px",
                "meta" : [ {
                  "from" : {
                    "object" : "sadrzaj",
                    "edge" : "top"
                  },
                  "to" : {
                    "object" : "meni",
                    "edge" : "bottom"
                  },
                  "expectedDistance" : "20px",
                  "realDistance" : "20px"
                } ],
                "highlight" : [ "sadrzaj", "meni" ]
              } ]
            } ]
          }, {
            "name" : "Form section",
            "place" : {
              "filePath" : "testovi/mobileUnos.gspec",
              "lineNumber" : 45
            },
            "objects" : [ {
              "name" : "form",
              "specs" : [ {
                "status" : "info",
                "place" : {
                  "filePath" : "testovi/mobileUnos.gspec",
                  "lineNumber" : 47
                },
                "name" : "inside sadrzaj 3px top, 2px bottom",
                "meta" : [ {
                  "from" : {
                    "object" : "form",
                    "edge" : "top"
                  },
                  "to" : {
                    "object" : "sadrzaj",
                    "edge" : "top"
                  },
                  "expectedDistance" : "3px",
                  "realDistance" : "3px"
                }, {
                  "from" : {
                    "object" : "form",
                    "edge" : "bottom"
                  },
                  "to" : {
                    "object" : "sadrzaj",
                    "edge" : "bottom"
                  },
                  "expectedDistance" : "2px",
                  "realDistance" : "2px"
                } ],
                "highlight" : [ "form", "sadrzaj" ]
              }, {
                "status" : "info",
                "place" : {
                  "filePath" : "testovi/mobileUnos.gspec",
                  "lineNumber" : 48
                },
                "name" : "centered horizontally inside sadrzaj",
                "highlight" : [ "form", "sadrzaj" ]
              }, {
                "status" : "info",
                "place" : {
                  "filePath" : "testovi/mobileUnos.gspec",
                  "lineNumber" : 49
                },
                "name" : "height 374px",
                "meta" : [ {
                  "from" : {
                    "object" : "form",
                    "edge" : "top"
                  },
                  "to" : {
                    "object" : "form",
                    "edge" : "bottom"
                  },
                  "expectedDistance" : "374px",
                  "realDistance" : "374px"
                } ],
                "highlight" : [ "form" ]
              } ]
            } ]
          }, {
            "name" : "Label section",
            "place" : {
              "filePath" : "testovi/mobileUnos.gspec",
              "lineNumber" : 51
            },
            "objects" : [ {
              "name" : "label",
              "specs" : [ {
                "status" : "info",
                "place" : {
                  "filePath" : "testovi/mobileUnos.gspec",
                  "lineNumber" : 53
                },
                "name" : "inside form 65px left, 35px top, 311px bottom",
                "meta" : [ {
                  "from" : {
                    "object" : "label",
                    "edge" : "left"
                  },
                  "to" : {
                    "object" : "form",
                    "edge" : "left"
                  },
                  "expectedDistance" : "65px",
                  "realDistance" : "65px"
                }, {
                  "from" : {
                    "object" : "label",
                    "edge" : "top"
                  },
                  "to" : {
                    "object" : "form",
                    "edge" : "top"
                  },
                  "expectedDistance" : "35px",
                  "realDistance" : "35px"
                }, {
                  "from" : {
                    "object" : "label",
                    "edge" : "bottom"
                  },
                  "to" : {
                    "object" : "form",
                    "edge" : "bottom"
                  },
                  "expectedDistance" : "311px",
                  "realDistance" : "311px"
                } ],
                "highlight" : [ "label", "form" ]
              }, {
                "status" : "info",
                "place" : {
                  "filePath" : "testovi/mobileUnos.gspec",
                  "lineNumber" : 54
                },
                "name" : "height 28px",
                "meta" : [ {
                  "from" : {
                    "object" : "label",
                    "edge" : "top"
                  },
                  "to" : {
                    "object" : "label",
                    "edge" : "bottom"
                  },
                  "expectedDistance" : "28px",
                  "realDistance" : "28px"
                } ],
                "highlight" : [ "label" ]
              }, {
                "status" : "info",
                "place" : {
                  "filePath" : "testovi/mobileUnos.gspec",
                  "lineNumber" : 55
                },
                "name" : "width 436px",
                "meta" : [ {
                  "from" : {
                    "object" : "label",
                    "edge" : "left"
                  },
                  "to" : {
                    "object" : "label",
                    "edge" : "right"
                  },
                  "expectedDistance" : "436px",
                  "realDistance" : "436px"
                } ],
                "highlight" : [ "label" ]
              }, {
                "status" : "info",
                "place" : {
                  "filePath" : "testovi/mobileUnos.gspec",
                  "lineNumber" : 56
                },
                "name" : "aligned vertically all label",
                "highlight" : [ "label", "label" ]
              } ]
            } ]
          }, {
            "name" : "Input section",
            "place" : {
              "filePath" : "testovi/mobileUnos.gspec",
              "lineNumber" : 58
            },
            "objects" : [ {
              "name" : "input",
              "specs" : [ {
                "status" : "info",
                "place" : {
                  "filePath" : "testovi/mobileUnos.gspec",
                  "lineNumber" : 60
                },
                "name" : "inside form 63px top, 284px bottom, 70px left",
                "meta" : [ {
                  "from" : {
                    "object" : "input",
                    "edge" : "top"
                  },
                  "to" : {
                    "object" : "form",
                    "edge" : "top"
                  },
                  "expectedDistance" : "63px",
                  "realDistance" : "63px"
                }, {
                  "from" : {
                    "object" : "input",
                    "edge" : "bottom"
                  },
                  "to" : {
                    "object" : "form",
                    "edge" : "bottom"
                  },
                  "expectedDistance" : "284px",
                  "realDistance" : "284px"
                }, {
                  "from" : {
                    "object" : "input",
                    "edge" : "left"
                  },
                  "to" : {
                    "object" : "form",
                    "edge" : "left"
                  },
                  "expectedDistance" : "70px",
                  "realDistance" : "70px"
                } ],
                "highlight" : [ "input", "form" ]
              }, {
                "status" : "info",
                "place" : {
                  "filePath" : "testovi/mobileUnos.gspec",
                  "lineNumber" : 61
                },
                "name" : "height 27px",
                "meta" : [ {
                  "from" : {
                    "object" : "input",
                    "edge" : "top"
                  },
                  "to" : {
                    "object" : "input",
                    "edge" : "bottom"
                  },
                  "expectedDistance" : "27px",
                  "realDistance" : "27px"
                } ],
                "highlight" : [ "input" ]
              }, {
                "status" : "info",
                "place" : {
                  "filePath" : "testovi/mobileUnos.gspec",
                  "lineNumber" : 62
                },
                "name" : "aligned vertically all input",
                "highlight" : [ "input", "input" ]
              }, {
                "status" : "info",
                "place" : {
                  "filePath" : "testovi/mobileUnos.gspec",
                  "lineNumber" : 63
                },
                "name" : "width 25 to 30% of form/width",
                "meta" : [ {
                  "from" : {
                    "object" : "input",
                    "edge" : "left"
                  },
                  "to" : {
                    "object" : "input",
                    "edge" : "right"
                  },
                  "expectedDistance" : "25 to 30% [137 to 165px]",
                  "realDistance" : "26% [146px]"
                } ],
                "highlight" : [ "input" ]
              } ]
            } ]
          } ],
          "objects" : {
            "meni" : {
              "area" : [ 8, 50, 556, 201 ]
            },
            "input" : {
              "area" : [ 80, 337, 146, 27 ]
            },
            "form" : {
              "area" : [ 10, 274, 551, 374 ]
            },
            "viewport" : {
              "area" : [ 0, 0, 572, 354 ]
            },
            "ul" : {
              "area" : [ 10, 92, 551, 157 ]
            },
            "logo" : {
              "area" : [ 246, 12, 80, 80 ]
            },
            "label" : {
              "area" : [ 75, 309, 436, 28 ]
            },
            "li" : {
              "area" : [ 24, 102, 523, 28 ]
            },
            "sadrzaj" : {
              "area" : [ 8, 271, 556, 379 ]
            }
          },
          "screenshot" : "layout-1-screenshot.png",
          "type" : "layout"
        }, {
          "name" : "Mutation testing: testovi/mobileUnos.gspec included tags: ",
          "status" : "error",
          "time" : 1573605488227,
          "mutationReport" : {
            "objectMutationStatistics" : {
              "meni" : {
                "passed" : 10,
                "failed" : 0,
                "failedMutations" : [ ]
              },
              "input" : {
                "passed" : 8,
                "failed" : 2,
                "failedMutations" : [ "input: increase width by 5px", "input: decrease width by 5px" ]
              },
              "form" : {
                "passed" : 10,
                "failed" : 0,
                "failedMutations" : [ ]
              },
              "ul" : {
                "passed" : 10,
                "failed" : 0,
                "failedMutations" : [ ]
              },
              "logo" : {
                "passed" : 10,
                "failed" : 0,
                "failedMutations" : [ ]
              },
              "label" : {
                "passed" : 10,
                "failed" : 0,
                "failedMutations" : [ ]
              },
              "li" : {
                "passed" : 5,
                "failed" : 5,
                "failedMutations" : [ "li: drag left by 5px", "li: drag right by 5px", "li: increase width by 5px", "li: decrease width by 5px", "li: move left edge right by 5px" ]
              },
              "sadrzaj" : {
                "passed" : 10,
                "failed" : 0,
                "failedMutations" : [ ]
              }
            },
            "totalPassed" : 73,
            "totalFailed" : 7,
            "failedRatio" : 8.75,
            "totalMutations" : 80
          },
          "type" : "mutation"
        } ],
        "time" : 1573605485481,
        "type" : "node"
      } ],
      "time" : 1573605481041,
      "type" : "node"
    } ]
  }
}